{
    "fields": {
        "backwardScale": 2.0,
        "cooldown": 0.3499999940395355,
        "distance": 10.0,
        "dodgeKey": 42,
        "duration": 0.18000000715255737,
        "invuln": 0.20000000298023224,
        "lateralScale": 0.0,
        "perfectInvulnBonus": 0.12700000405311584,
        "perfectSlowDuration": 0.41100001335144043,
        "perfectSlowTimeScale": 0.30799999833106995,
        "perfectWindowAfter": 0.07999999821186066,
        "perfectWindowBefore": 0.03999999910593033,
        "recovery": 0.14000000059604645,
        "spinTurns": 1.0,
        "startup": 0.05999999865889549,
        "useCameraForward": true,
        "useCustomCurve": true
    }
}