{
    "fields": {
        "AccelerationY": -12.699999809265137,
        "AirScaleSpeed": 0.20000000298023224,
        "GroundLifeTime": 1.5,
        "GroundScaleSpeed": [
            1.100000023841858,
            -0.5,
            1.100000023841858
        ],
        "GroundVelocityY": -0.10000000149011612,
        "VelocityY": -0.20000000298023224
    }
}