{
    "fields": {
        "duration": 0.4000000059604645,
        "easeType": 9,
        "endRotation": [
            -0.700162410736084,
            0.0,
            0.0,
            0.7139835953712463
        ],
        "startRotation": [
            0.0,
            0.0,
            0.0,
            1.0
        ]
    }
}