{
    "fields": {
        "collisionOffset": [
            -10.800000190734863,
            -6.5,
            6.199999809265137
        ],
        "collisionRadius": 35.0,
        "flinchMax": 10,
        "hpGaugePos": [
            640.0,
            50.0
        ],
        "hpGaugeSize": [
            500.0,
            32.0
        ],
        "initPos": [
            0.0,
            -34.79999923706055,
            0.0
        ],
        "life": 25,
        "scale": [
            30.299999237060547,
            30.0,
            30.0
        ]
    }
}