{
    "fields": {
        "baseAngularRadius": 0.009999999776482582,
        "enableSoftShadow": false,
        "minShadow": 0.019999999552965164,
        "rayEps": 0.10999999940395355
    }
}