{
    "fields": {
        "kBlinkHz": 12.232999801635742,
        "kBlinkInterval": 0.08174610137939453,
        "kHitIFrameSec": 1.0329999923706055
    }
}