# Blender 4.4.3
# www.blender.org
mtllib CheckPoint.mtl
o 球
v 0.000000 2.414649 -1.000000
v 0.000000 2.344770 -0.923880
v 0.000000 1.988218 -0.382683
v 0.382683 2.414649 -0.923880
v 0.353553 2.344770 -0.853553
v 0.270598 2.149874 -0.653281
v 0.146447 1.988218 -0.353553
v 0.707107 2.414649 -0.707107
v 0.653282 2.344770 -0.653281
v 0.500000 2.149874 -0.500000
v 0.270598 1.988218 -0.270598
v 0.923880 2.414649 -0.382683
v 0.853553 2.344770 -0.353553
v 0.653281 2.149874 -0.270598
v 0.353553 1.988218 -0.146447
v 1.000000 2.414649 0.000000
v 0.923880 2.344770 0.000000
v 0.707107 2.149874 0.000000
v 0.382683 1.988218 0.000000
v 0.923879 2.414649 0.382684
v 0.853553 2.344770 0.353554
v 0.653281 2.149874 0.270598
v 0.353553 1.988218 0.146447
v 0.707107 2.414649 0.707107
v 0.653281 2.344770 0.653282
v 0.500000 2.149874 0.500000
v 0.270598 1.988218 0.270598
v 0.382683 2.414649 0.923880
v 0.353553 2.344770 0.853553
v 0.270598 2.149874 0.653281
v 0.146447 1.988218 0.353553
v -0.000000 2.414649 1.000000
v -0.000000 2.344770 0.923879
v -0.000000 2.149874 0.707107
v -0.000000 1.988218 0.382683
v 0.000000 1.961952 0.000000
v -0.382684 2.414649 0.923879
v -0.353554 2.344770 0.853553
v -0.270598 2.149874 0.653281
v -0.146447 1.988218 0.353553
v -0.707107 2.414649 0.707106
v -0.653282 2.344770 0.653281
v -0.500000 2.149874 0.500000
v -0.270598 1.988218 0.270598
v -0.923880 2.414649 0.382683
v -0.853553 2.344770 0.353553
v -0.653281 2.149874 0.270598
v -0.353553 1.988218 0.146446
v -1.000000 2.414649 -0.000001
v -0.923879 2.344770 -0.000000
v -0.707107 2.149874 -0.000000
v -0.382683 1.988218 -0.000000
v -0.923879 2.414649 -0.382684
v -0.853553 2.344770 -0.353554
v -0.653281 2.149874 -0.270598
v -0.353553 1.988218 -0.146447
v -0.707106 2.414649 -0.707107
v -0.653281 2.344770 -0.653282
v -0.500000 2.149874 -0.500000
v -0.270598 1.988218 -0.270598
v -0.382683 2.414649 -0.923880
v -0.353553 2.344770 -0.853553
v -0.270598 2.149874 -0.653281
v -0.146446 1.988218 -0.353554
v 0.000000 2.149874 -0.707107
v -0.000000 2.441154 -0.948866
v 0.000000 2.345492 -0.881770
v 0.363115 2.441154 -0.876638
v 0.337439 2.345492 -0.814649
v 0.260377 2.200901 -0.628605
v 0.139236 2.042644 -0.336146
v -0.000000 2.042644 -0.363842
v 0.670949 2.441154 -0.670949
v 0.623506 2.345492 -0.623505
v 0.481113 2.200901 -0.481113
v 0.257275 2.042644 -0.257275
v 0.876638 2.441154 -0.363115
v 0.814649 2.345492 -0.337439
v 0.628605 2.200901 -0.260377
v 0.336146 2.042644 -0.139236
v 0.948866 2.441154 0.000000
v 0.881770 2.345492 0.000000
v 0.680397 2.200901 0.000000
v 0.363842 2.042644 0.000000
v 0.876638 2.441154 0.363115
v 0.814649 2.345492 0.337439
v 0.628605 2.200901 0.260377
v 0.336146 2.042644 0.139236
v 0.670949 2.441154 0.670950
v 0.623505 2.345492 0.623506
v 0.481113 2.200901 0.481113
v 0.257275 2.042644 0.257275
v 0.363115 2.441154 0.876638
v 0.337439 2.345492 0.814649
v 0.260376 2.200901 0.628605
v 0.139236 2.042644 0.336146
v -0.000000 2.441154 0.948866
v -0.000000 2.345492 0.881770
v -0.000000 2.200901 0.680397
v -0.000000 2.042644 0.363842
v 0.000000 2.131372 0.000000
v -0.363116 2.441154 0.876638
v -0.337439 2.345492 0.814649
v -0.260377 2.200901 0.628604
v -0.139236 2.042644 0.336146
v -0.670950 2.441154 0.670949
v -0.623506 2.345492 0.623505
v -0.481113 2.200901 0.481113
v -0.257275 2.042644 0.257275
v -0.876638 2.441154 0.363115
v -0.814649 2.345492 0.337438
v -0.628605 2.200901 0.260376
v -0.336146 2.042644 0.139236
v -0.948866 2.441154 -0.000000
v -0.881770 2.345492 -0.000000
v -0.680397 2.200901 -0.000000
v -0.363842 2.042644 -0.000000
v -0.876637 2.441154 -0.363116
v -0.814649 2.345492 -0.337439
v -0.628604 2.200901 -0.260377
v -0.336146 2.042644 -0.139236
v -0.670949 2.441154 -0.670950
v -0.623505 2.345492 -0.623506
v -0.481113 2.200901 -0.481113
v -0.257275 2.042644 -0.257275
v -0.363115 2.441154 -0.876638
v -0.337438 2.345492 -0.814649
v -0.260376 2.200901 -0.628605
v -0.139236 2.042644 -0.336146
v 0.000000 2.200901 -0.680397
v -0.000000 0.002598 -0.528885
v -0.000000 2.002598 -0.190503
v 0.458028 0.002598 -0.264443
v 0.164980 2.002598 -0.095251
v 0.458028 0.002598 0.264443
v 0.164980 2.002598 0.095251
v -0.000000 0.002598 0.528885
v -0.000000 2.002598 0.190503
v -0.458028 0.002598 0.264443
v -0.164980 2.002598 0.095251
v -0.458028 0.002598 -0.264443
v -0.164980 2.002598 -0.095251
v -0.000000 1.002598 -0.300631
v 0.260354 1.002598 -0.150315
v 0.260354 1.002598 0.150315
v -0.000000 1.002598 0.300631
v -0.260354 1.002598 0.150315
v -0.260354 1.002598 -0.150315
v -0.000000 1.502598 -0.234316
v 0.202924 1.502598 -0.117158
v 0.202924 1.502598 0.117158
v -0.000000 1.502598 0.234316
v -0.202924 1.502598 0.117158
v -0.202924 1.502598 -0.117158
v 0.322516 0.513310 -0.186205
v 0.322516 0.513310 0.186205
v -0.000000 0.513310 0.372410
v -0.322516 0.513310 0.186205
v -0.322516 0.513310 -0.186205
v -0.000000 0.513310 -0.372410
v -0.000000 1.752598 -0.210510
v 0.182307 1.752598 -0.105255
v 0.182307 1.752598 0.105255
v -0.000000 1.752598 0.210510
v -0.182307 1.752598 0.105255
v -0.182307 1.752598 -0.105255
v 0.379584 0.247241 -0.219153
v 0.379584 0.247241 0.219153
v -0.000000 0.247241 0.438305
v -0.379584 0.247241 0.219153
v -0.379584 0.247241 -0.219153
v -0.000000 0.247241 -0.438305
v 0.234519 2.002598 -0.135400
v -0.000000 2.002598 -0.270800
v -0.000000 1.752598 -0.299240
v 0.234519 2.002598 0.135400
v -0.000000 2.002598 0.270800
v -0.234519 2.002598 0.135400
v -0.234519 2.002598 -0.135400
v 0.259150 1.752598 -0.149620
v 0.259150 1.752598 0.149620
v -0.000000 1.752598 0.299240
v -0.259150 1.752598 0.149620
v -0.259150 1.752598 -0.149620
v -0.000000 0.002598 -0.772233
v 0.668774 0.002598 -0.386117
v 0.554236 0.247241 -0.319988
v 0.668774 0.002598 0.386117
v 0.554236 0.247241 0.319988
v -0.000000 0.002598 0.772233
v -0.000000 0.247241 0.639977
v -0.668774 0.002598 0.386117
v -0.554236 0.247241 0.319988
v -0.668774 0.002598 -0.386117
v -0.554236 0.247241 -0.319988
v -0.000000 0.247241 -0.639977
v -1.015027 0.006902 -1.665517
v -1.015027 0.498661 -1.665517
v 1.094372 0.006902 -1.665517
v 1.094372 0.498661 -1.665517
v -1.015027 0.006902 -0.624255
v -1.015027 0.498661 -0.624255
v 1.094372 0.006902 -0.624255
v 1.094372 0.498661 -0.624255
v 0.039673 0.006902 -1.665517
v 0.039673 0.498661 -1.665517
v 0.039673 0.006902 -0.624255
v 0.039673 0.498661 -0.624255
v 0.567023 0.498661 -1.665517
v 0.567022 0.006902 -0.624255
v 0.567023 0.006902 -1.665517
v 0.567022 0.498661 -0.624255
v -0.487677 0.006902 -1.665517
v -0.487677 0.498661 -0.624255
v -0.487677 0.498661 -1.665517
v -0.487677 0.006902 -0.624255
v 1.094372 0.006902 -1.144886
v 1.094372 0.498661 -1.144886
v -1.015027 0.006902 -1.144886
v -1.015027 0.498661 -1.144886
v 0.039673 0.006902 -1.144886
v 0.567023 0.006902 -1.144886
v -0.487677 0.006902 -1.144886
v 0.303348 0.006902 -1.665517
v 0.303348 0.498661 -0.624255
v 0.303348 0.498661 -1.665517
v 0.303348 0.006902 -0.624255
v 0.303348 0.006902 -1.144886
v 0.830697 0.498661 -1.665517
v 0.830697 0.006902 -0.624255
v 0.830697 0.006902 -1.665517
v 0.830697 0.498661 -0.624255
v 0.830697 0.498661 -1.144886
v 0.830697 0.006902 -1.144886
v -0.224002 0.498661 -1.665517
v -0.224002 0.006902 -0.624255
v -0.224002 0.006902 -1.665517
v -0.224002 0.498661 -0.624255
v -0.224002 0.006902 -1.144886
v -0.751352 0.006902 -1.665517
v -0.751352 0.498661 -0.624255
v -0.751352 0.498661 -1.665517
v -0.751352 0.006902 -0.624255
v -0.751352 0.498661 -1.144886
v -0.751352 0.006902 -1.144886
v -0.856560 0.252782 -1.587293
v 0.935906 0.252782 -1.587293
v 0.935906 0.252782 -0.702479
v -0.856560 0.252782 -0.702479
v 0.039673 0.252782 -0.702479
v 0.039673 0.252782 -1.587293
v 0.487789 0.252782 -0.702479
v 0.487789 0.252782 -1.587293
v -0.408444 0.252782 -1.587293
v -0.408444 0.252782 -0.702479
v -0.856560 0.252782 -1.144886
v 0.935906 0.252782 -1.144886
v 0.263731 0.252782 -1.587293
v 0.263731 0.252782 -0.702479
v 0.711847 0.252782 -0.702479
v 0.711847 0.252782 -1.587293
v -0.184386 0.252782 -0.702479
v -0.184385 0.252782 -1.587293
v -0.632502 0.252782 -1.587293
v -0.632502 0.252782 -0.702479
v -1.015027 0.375721 -1.665517
v 1.094372 0.375721 -1.665517
v 1.094372 0.375721 -0.624255
v -1.015027 0.375721 -0.624255
v 0.039673 0.375721 -0.624255
v 0.039673 0.375721 -1.665517
v 0.567022 0.375721 -0.624255
v 0.567023 0.375721 -1.665517
v -0.487677 0.375721 -1.665517
v -0.487677 0.375721 -0.624255
v -1.015027 0.375721 -1.144886
v 1.094372 0.375721 -1.144886
v 0.303348 0.375721 -1.665517
v 0.303348 0.375721 -0.624255
v 0.830697 0.375721 -0.624255
v 0.830697 0.375721 -1.665517
v -0.224002 0.375721 -0.624255
v -0.224002 0.375721 -1.665517
v -0.751352 0.375721 -1.665517
v -0.751352 0.375721 -0.624255
v 1.094372 0.129842 -1.665517
v 1.094372 0.129842 -0.624255
v -1.015027 0.129842 -0.624255
v 0.039673 0.129842 -0.624255
v 0.039673 0.129842 -1.665517
v 0.567022 0.129842 -0.624255
v 0.567023 0.129842 -1.665517
v -0.487677 0.129842 -1.665517
v -0.487677 0.129842 -0.624255
v -1.015027 0.129842 -1.144886
v 1.094372 0.129842 -1.144886
v 0.303348 0.129842 -1.665517
v 0.303348 0.129842 -0.624255
v 0.830697 0.129842 -0.624255
v 0.830697 0.129842 -1.665517
v -0.224002 0.129842 -0.624255
v -0.224002 0.129842 -1.665517
v -0.751352 0.129842 -1.665517
v -0.751352 0.129842 -0.624255
v -1.015027 0.129842 -1.665517
v 1.094372 0.498661 -0.884571
v -1.015027 0.006902 -0.884571
v 0.039673 0.498661 -0.884571
v 0.567023 0.498661 -0.884571
v -0.487677 0.498661 -0.884571
v 1.094372 0.006902 -0.884571
v -1.015027 0.498661 -0.884571
v 0.039673 0.006902 -0.884571
v 0.567023 0.006902 -0.884571
v -0.487677 0.006902 -0.884571
v 0.303348 0.498661 -0.884571
v 0.303348 0.006902 -0.884571
v 0.830697 0.498661 -0.884571
v 0.830697 0.006902 -0.884571
v -0.224002 0.498661 -0.884571
v -0.224002 0.006902 -0.884571
v -0.751352 0.498661 -0.884571
v -0.751352 0.006902 -0.884571
v -0.856560 0.252782 -0.923683
v 0.935906 0.252782 -0.923683
v -1.015027 0.375721 -0.884571
v 1.094372 0.375721 -0.884571
v 1.094372 0.129842 -0.884571
v -1.015027 0.129842 -0.884571
v 1.094372 0.006902 -1.405201
v -1.015027 0.498661 -1.405201
v 0.039673 0.006902 -1.405201
v 0.567023 0.006902 -1.405201
v -0.487677 0.006902 -1.405201
v 1.094372 0.498661 -1.405201
v -1.015027 0.006902 -1.405201
v 0.039673 0.498661 -1.405201
v 0.567023 0.498661 -1.405201
v -0.487677 0.498661 -1.405201
v 0.303348 0.006902 -1.405201
v 0.303348 0.498661 -1.405201
v 0.830697 0.006902 -1.405201
v 0.830697 0.498661 -1.405201
v -0.224002 0.006902 -1.405201
v -0.224002 0.498661 -1.405201
v -0.751352 0.006902 -1.405201
v -0.751352 0.498661 -1.405201
v 0.935906 0.252782 -1.366090
v -0.856560 0.252782 -1.366090
v 1.094372 0.375721 -1.405201
v -1.015027 0.375721 -1.405201
v -1.015027 0.129842 -1.405201
v 1.094372 0.129842 -1.405201
v 0.039673 0.425675 -1.405201
v 0.039673 0.425675 -1.144886
v 0.567023 0.425675 -1.405201
v 0.567023 0.425675 -1.144886
v -0.487677 0.425675 -1.405201
v -0.487677 0.425675 -1.144886
v -0.224002 0.425675 -1.144886
v 0.830697 0.425675 -1.144886
v 0.303348 0.425675 -1.144886
v 0.303348 0.425675 -1.405201
v 0.830697 0.425675 -1.405201
v -0.224002 0.425675 -1.405201
v -0.751352 0.425675 -1.144886
v -0.751352 0.425675 -1.405201
v 0.039673 0.425675 -0.884571
v 0.567023 0.425675 -0.884571
v -0.487677 0.425675 -0.884571
v 0.303348 0.425675 -0.884571
v 0.830697 0.425675 -0.884571
v -0.224002 0.425675 -0.884571
v -0.751352 0.425675 -0.884571
v -0.331696 0.873768 -1.215435
v -0.322949 0.747478 -1.269168
v -0.485236 0.808301 -1.115802
v -0.370306 0.466716 -1.176257
v -0.410398 0.780538 -1.119650
v -0.334859 1.016374 -0.996058
v -0.262972 0.960131 -1.090598
v -0.378575 0.712950 -1.135378
v -0.201191 0.856431 -1.139019
v -0.408409 0.645127 -1.153771
v -0.482423 0.616800 -1.164055
v -0.271324 0.409863 -1.182457
v -0.315016 0.463854 -1.147636
v -0.298811 1.004428 -0.946545
v -0.557261 0.644562 -1.160206
v -0.209519 0.939150 -0.996908
v -0.136934 0.836327 -1.055488
v -0.589084 0.712151 -1.144479
v -0.107958 0.707676 -1.098673
v -0.559250 0.779974 -1.126086
v -0.135708 0.580338 -1.218601
v -0.211548 0.486594 -1.117147
v -0.267835 0.462779 -1.124077
v -0.271351 0.794489 -1.048520
v -0.290425 0.988154 -0.881468
v -0.333252 0.775557 -1.095383
v -0.172037 0.916822 -0.906110
v -0.094024 0.807545 -0.938762
v -0.358068 0.711625 -1.128927
v -0.061013 0.676491 -0.972172
v -0.075281 0.553420 -1.140625
v -0.331263 0.640145 -1.129503
v -0.268868 0.596733 -0.977186
v -0.293925 0.975671 -0.832132
v -0.268538 0.602988 -1.096774
v -0.178504 0.893757 -0.814948
v -0.206637 0.621921 -1.049911
v -0.102474 0.777409 -0.819654
v -0.070160 0.643871 -0.843250
v -0.098609 0.514258 -0.885961
v -0.181821 0.685852 -1.016367
v -0.141285 0.466988 -0.914558
v -0.208626 0.757332 -1.015791
v -0.272369 0.584250 -0.927850
v -0.335740 0.953007 -0.744627
v -0.243000 0.861784 -0.691819
v -0.182124 0.739215 -0.672721
v -0.155131 0.603494 -0.687959
v -0.173706 0.481800 -0.752322
v -0.188131 0.450908 -0.844274
v -0.299122 0.573269 -0.885828
v -0.393800 0.945983 -0.720132
v -0.327873 0.847357 -0.639510
v -0.286953 0.719974 -0.602468
v -0.269097 0.582699 -0.612075
v -0.278535 0.462558 -0.682069
v -0.272493 0.401719 -0.800724
v -0.344973 0.559854 -0.858932
v -0.451920 0.942537 -0.709844
v -0.420107 0.840011 -0.615732
v -0.390886 0.709305 -0.566187
v -0.384591 0.571345 -0.573748
v -0.382469 0.451890 -0.645788
v -0.379885 0.395352 -0.781715
v -0.403061 0.554256 -0.849186
v -0.486094 0.942215 -0.710561
v -0.518509 0.841694 -0.628149
v -0.539262 0.712784 -0.588641
v -0.545192 0.575110 -0.598051
v -0.530844 0.455368 -0.668241
v -0.493447 0.398014 -0.798900
v -0.464508 0.554877 -0.858693
v -0.514249 0.946561 -0.729451
v -0.605792 0.852001 -0.674143
v -0.673108 0.727530 -0.654965
v -0.690066 0.591071 -0.669841
v -0.664691 0.470114 -0.734566
v -0.595889 0.409300 -0.849662
v -0.519961 0.561804 -0.885960
v -0.555232 0.956407 -0.770913
v -0.666360 0.869214 -0.745987
v -0.735669 0.748949 -0.743620
v -0.760779 0.614449 -0.766743
v -0.727252 0.491534 -0.823221
v -0.671615 0.427492 -0.926275
v -0.560976 0.573802 -0.926880
v -0.587645 0.969274 -0.823868
v -0.703843 0.891543 -0.836786
v -0.778579 0.777731 -0.860347
v -0.807724 0.645635 -0.893244
v -0.770162 0.520315 -0.939948
v -0.709609 0.484582 -1.008314
v -0.581344 0.591493 -0.974607
v -0.569082 0.993439 -0.918688
v -0.682313 0.926290 -0.973431
v -0.755067 0.819549 -1.024938
v -0.783515 0.689936 -1.067649
v -0.751201 0.556398 -1.091246
v -0.705728 0.503436 -1.092115
v -0.577844 0.603976 -1.023943
v -0.542329 1.004420 -0.960709
v -0.632880 0.946581 -1.051077
v -0.690479 0.846061 -1.126387
v -0.713606 0.718631 -1.177457
v -0.620341 0.588617 -1.312084
v -0.551090 0.614957 -1.065964
v -0.496490 1.017193 -1.008728
v -0.548007 0.961008 -1.103386
v -0.585650 0.865302 -1.196640
v -0.599640 0.739426 -1.253340
v -0.523589 0.605385 -1.340616
v -0.530766 0.507208 -1.217563
v -0.483838 0.476727 -1.192025
v -0.437545 1.023005 -1.028359
v -0.448658 0.972122 -1.149009
v -0.483413 0.874655 -1.227798
v -0.453901 0.421653 -1.239890
v -0.431916 0.471403 -1.184409
v -0.382680 1.022421 -1.022843
v -0.348069 0.966681 -1.144314
v -0.360479 0.406770 -1.219800
v -0.265936 0.380234 -1.200002
v -0.150381 0.429744 -1.251807
v -0.205306 0.401523 -1.154451
v -0.510352 0.452988 -1.365042
v -0.524524 0.422136 -1.254867
v -0.451744 0.392232 -1.258451
v -0.356707 0.377244 -1.237853
v -0.270616 0.790963 -1.217312
v -0.290316 0.743883 -1.252997
v -0.290316 0.743883 -1.252997
v -0.198624 0.791185 -1.174653
v -0.262976 0.672562 -1.254172
v -0.198023 0.639469 -1.230224
v -0.155470 0.754074 -1.130810
v -0.127183 0.714213 -1.125736
v -0.148560 0.651303 -1.163135
v -0.574329 0.743087 -1.266394
v -0.537344 0.678696 -1.294510
v -0.459532 0.656769 -1.314125
v -0.537625 0.789573 -1.250691
v -0.472816 0.808891 -1.260905
v -0.359124 0.748326 -1.274642
v -0.389980 0.798671 -1.254861
v -0.389353 0.681558 -1.297244
v -0.305898 0.579101 -1.309852
v -0.333321 0.580872 -1.318479
v -0.322679 0.585902 -1.303192
v -0.328188 0.572893 -1.288349
v -0.205148 0.577165 -1.259856
v -0.226779 0.575333 -1.276167
v -0.211869 0.582786 -1.268969
v -0.223894 0.569631 -1.245001
v -0.417300 0.587636 -1.336098
v -0.443975 0.592587 -1.334983
v -0.429611 0.596286 -1.335248
v -0.438088 0.583462 -1.312380
v -0.224138 0.417602 -1.306377
v -0.200985 0.422557 -1.291386
v -0.223395 0.410114 -1.277182
v -0.220809 0.413058 -1.275556
v -0.333636 0.421280 -1.350242
v -0.306211 0.419509 -1.341615
v -0.328430 0.410099 -1.321001
v -0.328504 0.413059 -1.320156
v -0.447478 0.438474 -1.368924
v -0.420684 0.430294 -1.368204
v -0.438816 0.424025 -1.344946
v -0.441501 0.427309 -1.344978
v 0.648045 0.443042 -1.293177
v 0.630653 0.468681 -1.327436
v 0.598779 0.492214 -1.351178
v 0.557273 0.510058 -1.360789
v 0.512456 0.519497 -1.354805
v 0.471151 0.519094 -1.334138
v 0.439644 0.508910 -1.301933
v 0.422734 0.490496 -1.263095
v 0.422995 0.466654 -1.223535
v 0.440386 0.441016 -1.189276
v 0.472261 0.417483 -1.165534
v 0.513766 0.399639 -1.155924
v 0.558583 0.390199 -1.161908
v 0.599889 0.390603 -1.182575
v 0.631395 0.400787 -1.214779
v 0.648305 0.419201 -1.253618
v 0.684869 0.465648 -1.286830
v 0.662941 0.497975 -1.330026
v 0.622751 0.527647 -1.359962
v 0.570418 0.550146 -1.372079
v 0.513910 0.562048 -1.364535
v 0.461829 0.561540 -1.338476
v 0.422104 0.548699 -1.297871
v 0.400782 0.525481 -1.248900
v 0.401111 0.495420 -1.199020
v 0.423039 0.463093 -1.155825
v 0.463229 0.433421 -1.125889
v 0.515562 0.410922 -1.113771
v 0.572070 0.399020 -1.121316
v 0.624151 0.399529 -1.147375
v 0.663876 0.412369 -1.187980
v 0.685198 0.435588 -1.236951
v 0.747576 0.525243 -1.261879
v 0.718842 0.567603 -1.318481
v 0.666179 0.606483 -1.357706
v 0.597606 0.635965 -1.373585
v 0.523560 0.651560 -1.363698
v 0.455316 0.650894 -1.329553
v 0.403262 0.634068 -1.276346
v 0.375324 0.603645 -1.212178
v 0.375755 0.564255 -1.146818
v 0.404488 0.521895 -1.090217
v 0.457151 0.483015 -1.050991
v 0.525724 0.453533 -1.035112
v 0.599770 0.437938 -1.044999
v 0.668014 0.438604 -1.079144
v 0.720068 0.455430 -1.132352
v 0.748006 0.485853 -1.196519
v 0.801918 0.625420 -1.207726
v 0.769403 0.673354 -1.271775
v 0.709812 0.717350 -1.316162
v 0.632215 0.750711 -1.334130
v 0.548427 0.768358 -1.322943
v 0.471203 0.767604 -1.284304
v 0.412300 0.748564 -1.224096
v 0.380686 0.714138 -1.151485
v 0.381173 0.669565 -1.077525
v 0.413687 0.621632 -1.013476
v 0.473279 0.577635 -0.969089
v 0.550876 0.544274 -0.951121
v 0.634664 0.526627 -0.962308
v 0.711888 0.527381 -1.000947
v 0.770791 0.546421 -1.061155
v 0.802405 0.580847 -1.133766
v 0.810361 0.723796 -1.143805
v 0.780871 0.767270 -1.201896
v 0.726823 0.807173 -1.242154
v 0.656444 0.837431 -1.258450
v 0.580450 0.853436 -1.248304
v 0.510410 0.852753 -1.213259
v 0.456987 0.835485 -1.158652
v 0.428313 0.804260 -1.092795
v 0.428755 0.763834 -1.025715
v 0.458245 0.720359 -0.967625
v 0.512293 0.680456 -0.927367
v 0.582672 0.650198 -0.911070
v 0.658666 0.634193 -0.921217
v 0.728706 0.634876 -0.956261
v 0.782129 0.652145 -1.010868
v 0.810803 0.683369 -1.076725
v 0.783760 0.788349 -1.094174
v 0.761075 0.821791 -1.138859
v 0.719500 0.852486 -1.169827
v 0.665362 0.875761 -1.182363
v 0.606905 0.888073 -1.174558
v 0.553028 0.887547 -1.147600
v 0.511933 0.874264 -1.105595
v 0.489877 0.850245 -1.054936
v 0.490217 0.819148 -1.003336
v 0.512901 0.785706 -0.958651
v 0.554477 0.755011 -0.927683
v 0.608614 0.731736 -0.915148
v 0.667071 0.719424 -0.922952
v 0.720948 0.719950 -0.949910
v 0.762043 0.733233 -0.991915
v 0.784100 0.757252 -1.042574
v 0.741727 0.825846 -1.058989
v 0.726982 0.847583 -1.088034
v 0.699958 0.867535 -1.108163
v 0.664769 0.882664 -1.116312
v 0.626772 0.890667 -1.111238
v 0.591752 0.890325 -1.093716
v 0.565040 0.881691 -1.066412
v 0.550703 0.866079 -1.033484
v 0.550924 0.845865 -0.999944
v 0.565669 0.824128 -0.970899
v 0.592693 0.804176 -0.950770
v 0.627883 0.789048 -0.942622
v 0.665880 0.781045 -0.947695
v 0.700900 0.781387 -0.965217
v 0.727611 0.790021 -0.992521
v 0.741948 0.805633 -1.025449
v 0.754397 0.912749 -1.003768
v 0.741542 0.931700 -1.029090
v 0.717982 0.949093 -1.046638
v 0.687305 0.962283 -1.053742
v 0.654179 0.969259 -1.049319
v 0.623649 0.968961 -1.034043
v 0.600362 0.961434 -1.010240
v 0.587863 0.947824 -0.981533
v 0.588055 0.930202 -0.952293
v 0.600910 0.911251 -0.926972
v 0.624470 0.893857 -0.909423
v 0.655147 0.880668 -0.902320
v 0.688273 0.873692 -0.906743
v 0.718803 0.873990 -0.922018
v 0.742090 0.881517 -0.945822
v 0.754589 0.895127 -0.974528
v 0.780147 0.923282 -1.002866
v 0.763890 0.947249 -1.034890
v 0.734094 0.969247 -1.057084
v 0.695296 0.985927 -1.066067
v 0.653402 0.994751 -1.060474
v 0.614790 0.994374 -1.041155
v 0.585338 0.984854 -1.011051
v 0.569531 0.967641 -0.974745
v 0.569775 0.945354 -0.937765
v 0.586032 0.921388 -0.905741
v 0.615828 0.899390 -0.883547
v 0.654626 0.882709 -0.874563
v 0.696520 0.873886 -0.880157
v 0.735132 0.874263 -0.899476
v 0.764584 0.883782 -0.929580
v 0.780391 0.900996 -0.965886
v 0.787617 0.948968 -0.987435
v 0.771360 0.972935 -1.019459
v 0.741564 0.994933 -1.041653
v 0.702766 1.011613 -1.050637
v 0.660872 1.020437 -1.045043
v 0.622260 1.020060 -1.025724
v 0.592808 1.010540 -0.995620
v 0.577001 0.993327 -0.959314
v 0.577245 0.971040 -0.922334
v 0.593502 0.947074 -0.890310
v 0.623298 0.925076 -0.868116
v 0.662096 0.908395 -0.859133
v 0.703990 0.899572 -0.864726
v 0.742602 0.899949 -0.884045
v 0.772054 0.909468 -0.914150
v 0.787861 0.926682 -0.950455
v 0.765602 0.951278 -0.980622
v 0.752747 0.970228 -1.005944
v 0.729188 0.987622 -1.023492
v 0.698510 1.000811 -1.030596
v 0.665384 1.007788 -1.026173
v 0.634854 1.007490 -1.010897
v 0.611567 0.999963 -0.987094
v 0.599068 0.986352 -0.958387
v 0.599261 0.968730 -0.929147
v 0.612115 0.949780 -0.903826
v 0.635675 0.932386 -0.886277
v 0.666352 0.919197 -0.879174
v 0.699478 0.912220 -0.883597
v 0.730008 0.912518 -0.898872
v 0.753296 0.920046 -0.922675
v 0.765794 0.933656 -0.951382
v 0.758754 0.927733 -0.994767
v 0.745899 0.946683 -1.020089
v 0.722340 0.964077 -1.037637
v 0.691662 0.977266 -1.044740
v 0.658537 0.984243 -1.040318
v 0.628006 0.983945 -1.025042
v 0.604719 0.976418 -1.001239
v 0.592220 0.962807 -0.972532
v 0.592413 0.945185 -0.943292
v 0.605268 0.926235 -0.917970
v 0.628827 0.908841 -0.900422
v 0.659505 0.895652 -0.893319
v 0.692630 0.888675 -0.897741
v 0.723161 0.888973 -0.913017
v 0.746448 0.896500 -0.936820
v 0.758947 0.910111 -0.965527
v 0.737273 0.914546 -0.998469
v 0.727065 0.929595 -1.018578
v 0.708356 0.943407 -1.032513
v 0.683994 0.953881 -1.038154
v 0.657689 0.959421 -1.034642
v 0.633444 0.959185 -1.022511
v 0.614951 0.953207 -1.003609
v 0.605026 0.942399 -0.980812
v 0.605179 0.928405 -0.957592
v 0.615387 0.913356 -0.937484
v 0.634096 0.899544 -0.923548
v 0.658458 0.889070 -0.917907
v 0.684763 0.883529 -0.921420
v 0.709008 0.883766 -0.933550
v 0.727501 0.889744 -0.952453
v 0.737426 0.900552 -0.975249
v 0.714863 0.837488 -1.044762
v 0.704655 0.852537 -1.064870
v 0.685946 0.866350 -1.078805
v 0.661584 0.876823 -1.084446
v 0.635279 0.882364 -1.080934
v 0.611034 0.882127 -1.068803
v 0.592541 0.876150 -1.049901
v 0.582616 0.865341 -1.027104
v 0.582769 0.851347 -1.003885
v 0.592977 0.836299 -0.983776
v 0.611686 0.822486 -0.969841
v 0.636047 0.812012 -0.964200
v 0.662353 0.806472 -0.967712
v 0.686598 0.806708 -0.979843
v 0.705091 0.812686 -0.998745
v 0.715016 0.823494 -1.021542
v 0.747733 0.803158 -1.075633
v 0.731098 0.827682 -1.108402
v 0.700609 0.850192 -1.131112
v 0.660908 0.867260 -1.140304
v 0.618040 0.876289 -1.134581
v 0.578530 0.875903 -1.114812
v 0.548394 0.866162 -1.084008
v 0.532219 0.848548 -1.046858
v 0.532468 0.825744 -1.009018
v 0.549104 0.801220 -0.976249
v 0.579592 0.778710 -0.953539
v 0.619293 0.761642 -0.944347
v 0.662161 0.752613 -0.950070
v 0.701671 0.752998 -0.969839
v 0.731808 0.762740 -1.000643
v 0.747982 0.780353 -1.037793
v 0.776781 0.738348 -1.126021
v 0.752962 0.773462 -1.172940
v 0.709308 0.805691 -1.205456
v 0.652463 0.830130 -1.218619
v 0.591084 0.843058 -1.210423
v 0.534513 0.842506 -1.182118
v 0.491363 0.828558 -1.138013
v 0.468204 0.803339 -1.084821
v 0.468561 0.770686 -1.030641
v 0.492379 0.735572 -0.983721
v 0.536034 0.703343 -0.951205
v 0.592878 0.678904 -0.938043
v 0.654258 0.665976 -0.946238
v 0.710828 0.666528 -0.974543
v 0.753978 0.680476 -1.018649
v 0.777138 0.705696 -1.071841
v 0.764024 0.633808 -1.193043
v 0.737558 0.672823 -1.245175
v 0.689054 0.708634 -1.281304
v 0.625893 0.735788 -1.295929
v 0.557694 0.750152 -1.286824
v 0.494837 0.749539 -1.255373
v 0.446893 0.734041 -1.206367
v 0.421160 0.706020 -1.147265
v 0.421557 0.669739 -1.087065
v 0.448022 0.630724 -1.034932
v 0.496527 0.594913 -0.998803
v 0.559687 0.567759 -0.984178
v 0.627887 0.553395 -0.993284
v 0.690744 0.554008 -1.024734
v 0.738688 0.569506 -1.073741
v 0.764420 0.597528 -1.132843
v 0.714662 0.550755 -1.236909
v 0.691977 0.584196 -1.281594
v 0.650401 0.614891 -1.312562
v 0.596264 0.638166 -1.325097
v 0.537807 0.650478 -1.317292
v 0.483930 0.649953 -1.290335
v 0.442835 0.636669 -1.248329
v 0.420779 0.612650 -1.197670
v 0.421119 0.581553 -1.146071
v 0.443803 0.548111 -1.101385
v 0.485379 0.517416 -1.070418
v 0.539516 0.494141 -1.057882
v 0.597973 0.481829 -1.065687
v 0.651850 0.482355 -1.092644
v 0.692945 0.495638 -1.134650
v 0.715001 0.519657 -1.185309
v 0.642258 0.509824 -1.247031
v 0.628647 0.529889 -1.273842
v 0.603702 0.548306 -1.292423
v 0.571220 0.562271 -1.299944
v 0.536145 0.569658 -1.295261
v 0.503819 0.569342 -1.279087
v 0.479162 0.561372 -1.253883
v 0.465928 0.546961 -1.223488
v 0.466132 0.528303 -1.192528
v 0.479743 0.508237 -1.165717
v 0.504688 0.489820 -1.147136
v 0.537171 0.475855 -1.139615
v 0.572245 0.468468 -1.144298
v 0.604571 0.468784 -1.160472
v 0.629228 0.476754 -1.185675
v 0.642462 0.491165 -1.216071
v 0.535520 0.454848 -1.258356
v 0.554195 0.519063 -1.219779
v 0.099422 0.498803 -0.897695
v 0.091289 0.452151 -0.929009
v 0.083155 0.484436 -0.974995
v 0.091289 0.531088 -0.943681
v 0.244761 0.493128 -0.928228
v 0.228253 0.446972 -0.956869
v 0.211746 0.479754 -1.000183
v 0.228253 0.525910 -0.971541
v 0.376501 0.474532 -1.028277
v 0.341603 0.431437 -1.040450
v 0.306706 0.467280 -1.067295
v 0.341603 0.510375 -1.055122
v 0.394194 0.444614 -1.189239
v 0.355772 0.407271 -1.170465
v 0.317350 0.448866 -1.166364
v 0.355772 0.486209 -1.185137
v 0.304326 0.424782 -1.295938
v 0.284928 0.391736 -1.254046
v 0.265531 0.437628 -1.226827
v 0.284928 0.470674 -1.268718
v 0.219390 0.422207 -1.309792
v 0.214085 0.390010 -1.263333
v 0.208779 0.436751 -1.231546
v 0.214085 0.468948 -1.278005
v -0.201784 0.495443 -1.174711
v -0.176684 0.448790 -1.195125
v -0.138240 0.481075 -1.221639
v -0.163340 0.527727 -1.201224
v -0.113600 0.489767 -1.055216
v -0.094411 0.443611 -1.082136
v -0.061879 0.476393 -1.115154
v -0.081067 0.522549 -1.088235
v 0.032159 0.471171 -0.976986
v 0.028724 0.428076 -1.013786
v 0.038633 0.463919 -1.056684
v 0.042068 0.507014 -1.019885
v 0.185909 0.441253 -1.027802
v 0.152863 0.403910 -1.054944
v 0.133162 0.445505 -1.088184
v 0.166208 0.482848 -1.061043
v 0.245597 0.421421 -1.153891
v 0.199433 0.388375 -1.154120
v 0.166613 0.434267 -1.160448
v 0.212777 0.467313 -1.160219
v 0.222891 0.418846 -1.236900
v 0.178431 0.386649 -1.222413
v 0.147315 0.433390 -1.214026
v 0.191775 0.465587 -1.228512
vn -0.0000 1.0000 -0.0000
vn -0.1090 0.9586 0.2631
vn -0.0000 0.9586 0.2848
vn -0.0000 0.8191 0.5737
vn -0.2575 0.7398 0.6216
vn -0.0000 0.7398 0.6728
vn -0.0000 0.7367 0.6763
vn -0.2014 0.9586 0.2014
vn -0.2195 0.8191 0.5300
vn -0.4757 0.7398 0.4757
vn -0.2588 0.7367 0.6248
vn -0.4056 0.8191 0.4057
vn -0.2631 0.9586 0.1090
vn -0.6216 0.7398 0.2575
vn -0.4782 0.7367 0.4782
vn -0.5300 0.8191 0.2195
vn -0.2848 0.9586 -0.0000
vn -0.5737 0.8191 -0.0000
vn -0.6728 0.7398 -0.0000
vn -0.6248 0.7367 0.2588
vn -0.5300 0.8191 -0.2195
vn -0.2631 0.9586 -0.1090
vn -0.6216 0.7398 -0.2575
vn -0.6763 0.7367 -0.0000
vn -0.4056 0.8191 -0.4057
vn -0.4757 0.7398 -0.4757
vn -0.6248 0.7367 -0.2588
vn -0.2014 0.9586 -0.2014
vn -0.2575 0.7398 -0.6216
vn -0.4782 0.7367 -0.4782
vn -0.1090 0.9586 -0.2631
vn -0.2195 0.8191 -0.5300
vn -0.0000 0.9586 -0.2848
vn -0.0000 0.7398 -0.6728
vn -0.2588 0.7367 -0.6248
vn 0.2195 0.8191 -0.5300
vn -0.0000 0.8191 -0.5737
vn 0.2575 0.7398 -0.6216
vn -0.0000 0.7367 -0.6763
vn 0.1090 0.9586 -0.2631
vn 0.4057 0.8191 -0.4056
vn 0.4757 0.7398 -0.4757
vn 0.2588 0.7367 -0.6248
vn 0.2014 0.9586 -0.2014
vn 0.2631 0.9586 -0.1090
vn 0.6216 0.7398 -0.2575
vn 0.4782 0.7367 -0.4782
vn 0.2848 0.9586 -0.0000
vn 0.5300 0.8191 -0.2195
vn 0.6728 0.7398 -0.0000
vn 0.6248 0.7367 -0.2588
vn 0.2631 0.9586 0.1090
vn 0.5737 0.8191 -0.0000
vn 0.6216 0.7398 0.2575
vn 0.6763 0.7367 -0.0000
vn 0.2014 0.9586 0.2014
vn 0.5300 0.8191 0.2195
vn 0.4757 0.7398 0.4757
vn 0.6248 0.7367 0.2588
vn 0.1090 0.9586 0.2631
vn 0.4056 0.8191 0.4056
vn 0.2575 0.7398 0.6216
vn 0.2195 0.8191 0.5300
vn 0.4782 0.7367 0.4782
vn 0.2588 0.7367 0.6248
vn -0.0000 -1.0000 -0.0000
vn -0.0000 -0.9715 0.2369
vn -0.0907 -0.9715 0.2189
vn -0.0000 -0.8517 -0.5240
vn 0.2759 -0.6929 -0.6661
vn 0.2005 -0.8517 -0.4841
vn 0.1711 -0.8945 -0.4131
vn -0.0000 -0.8945 -0.4472
vn -0.0000 -0.5742 -0.8187
vn -0.0000 -0.6929 -0.7210
vn 0.3162 -0.8945 -0.3162
vn 0.3133 -0.5742 -0.7564
vn 0.5098 -0.6929 -0.5098
vn -0.1675 -0.9715 0.1675
vn 0.3705 -0.8517 -0.3706
vn 0.4841 -0.8517 -0.2005
vn 0.4131 -0.8945 -0.1711
vn 0.5789 -0.5742 -0.5789
vn 0.6661 -0.6929 -0.2759
vn -0.2189 -0.9715 0.0907
vn -0.2369 -0.9715 -0.0000
vn 0.7210 -0.6929 -0.0000
vn 0.5240 -0.8517 -0.0000
vn 0.4472 -0.8945 -0.0000
vn 0.7564 -0.5742 -0.3133
vn 0.4841 -0.8517 0.2005
vn 0.4131 -0.8945 0.1711
vn 0.8187 -0.5742 -0.0000
vn 0.6661 -0.6929 0.2759
vn -0.2189 -0.9715 -0.0907
vn 0.3162 -0.8945 0.3162
vn 0.7564 -0.5742 0.3133
vn 0.5098 -0.6929 0.5098
vn -0.1675 -0.9715 -0.1675
vn 0.3706 -0.8517 0.3705
vn 0.5789 -0.5742 0.5789
vn 0.2759 -0.6929 0.6661
vn -0.0907 -0.9715 -0.2189
vn 0.2005 -0.8517 0.4841
vn 0.1711 -0.8945 0.4131
vn -0.0000 -0.9715 -0.2369
vn -0.0000 -0.6929 0.7210
vn -0.0000 -0.8517 0.5240
vn -0.0000 -0.8945 0.4472
vn 0.3133 -0.5742 0.7564
vn -0.1711 -0.8945 0.4131
vn -0.0000 -0.5742 0.8187
vn -0.2759 -0.6929 0.6661
vn 0.0907 -0.9715 -0.2189
vn -0.2005 -0.8517 0.4841
vn -0.3706 -0.8517 0.3706
vn -0.3162 -0.8945 0.3162
vn -0.3133 -0.5742 0.7564
vn -0.5098 -0.6929 0.5098
vn 0.1675 -0.9715 -0.1675
vn 0.2189 -0.9715 -0.0907
vn -0.6661 -0.6929 0.2759
vn -0.4841 -0.8517 0.2005
vn -0.4131 -0.8945 0.1711
vn -0.5789 -0.5742 0.5789
vn 0.2369 -0.9715 -0.0000
vn -0.7210 -0.6929 -0.0000
vn -0.5240 -0.8517 -0.0000
vn -0.4472 -0.8945 -0.0000
vn -0.7564 -0.5742 0.3133
vn -0.4131 -0.8945 -0.1711
vn -0.8187 -0.5742 -0.0000
vn -0.6661 -0.6929 -0.2759
vn 0.2189 -0.9715 0.0907
vn -0.4841 -0.8517 -0.2005
vn -0.3162 -0.8945 -0.3162
vn -0.7564 -0.5742 -0.3133
vn -0.5098 -0.6929 -0.5098
vn 0.1675 -0.9715 0.1675
vn -0.3706 -0.8517 -0.3706
vn 0.0907 -0.9715 0.2189
vn -0.2759 -0.6929 -0.6661
vn -0.2005 -0.8517 -0.4841
vn -0.1711 -0.8945 -0.4131
vn -0.5789 -0.5742 -0.5789
vn -0.3133 -0.5742 -0.7564
vn -0.4252 -0.8878 -0.1761
vn -0.4602 -0.8878 -0.0000
vn 0.3254 -0.8878 -0.3254
vn 0.1761 -0.8878 -0.4252
vn -0.3254 -0.8878 -0.3254
vn -0.0000 -0.8878 -0.4602
vn -0.1761 -0.8878 -0.4252
vn -0.4252 -0.8878 0.1761
vn -0.3254 -0.8878 0.3254
vn -0.1761 -0.8878 0.4252
vn -0.0000 -0.8878 0.4602
vn 0.1761 -0.8878 0.4252
vn 0.3254 -0.8878 0.3254
vn 0.4252 -0.8878 0.1761
vn 0.4602 -0.8878 -0.0000
vn 0.4252 -0.8878 -0.1761
vn -0.4964 0.1203 -0.8597
vn -0.4927 0.1706 -0.8533
vn -0.9927 0.1203 -0.0000
vn -0.9853 0.1706 -0.0000
vn -0.4964 0.1203 0.8597
vn -0.4927 0.1706 0.8533
vn 0.4964 0.1203 0.8597
vn 0.4927 0.1706 0.8533
vn 0.9927 0.1203 -0.0000
vn 0.9853 0.1706 -0.0000
vn 0.4964 0.1203 -0.8597
vn 0.4927 0.1706 -0.8533
vn -0.4976 0.0987 -0.8618
vn -0.9951 0.0987 -0.0000
vn -0.4976 0.0987 0.8618
vn 0.4976 0.0987 0.8618
vn 0.9951 0.0987 -0.0000
vn 0.4976 0.0987 -0.8618
vn 0.4889 0.2097 -0.8468
vn 0.9778 0.2097 -0.0000
vn 0.4889 0.2097 0.8468
vn -0.4889 0.2097 0.8468
vn -0.9778 0.2097 -0.0000
vn -0.4889 0.2097 -0.8468
vn -0.4983 0.0822 -0.8631
vn -0.9966 0.0822 -0.0000
vn -0.4983 0.0822 0.8631
vn 0.4983 0.0822 0.8631
vn 0.9966 0.0822 -0.0000
vn 0.4983 0.0822 -0.8631
vn 0.4976 0.0980 -0.8619
vn 0.9952 0.0980 -0.0000
vn 0.4976 0.0980 0.8619
vn -0.4976 0.0980 0.8619
vn -0.9952 0.0980 -0.0000
vn -0.4976 0.0980 -0.8619
vn -0.4528 0.4240 -0.7843
vn -0.9057 0.4240 -0.0000
vn -0.4528 0.4240 0.7843
vn 0.4528 0.4240 0.7843
vn 0.9057 0.4240 -0.0000
vn 0.4528 0.4240 -0.7843
vn -0.0000 -0.0000 -1.0000
vn 1.0000 -0.0000 -0.0000
vn -0.0000 -0.0000 1.0000
vn -1.0000 -0.0000 -0.0000
vn -0.0000 0.5368 0.8437
vn -0.0000 0.5368 -0.8437
vn 0.6130 0.7901 -0.0000
vn -0.6130 0.7901 -0.0000
vn -0.0000 -0.5368 0.8437
vn -0.0000 -0.5368 -0.8437
vn 0.6130 -0.7901 -0.0000
vn -0.6130 -0.7901 -0.0000
vn 0.2947 0.5068 -0.8101
vn 0.5285 0.7530 -0.3921
vn 0.6432 0.5006 -0.5794
vn 0.3166 0.6727 -0.6687
vn 0.3920 0.1790 -0.9024
vn 0.3917 0.1789 -0.9026
vn 0.3802 0.5912 -0.7113
vn 0.3103 0.3018 -0.9015
vn 0.1040 0.7128 -0.6936
vn 0.1730 0.9161 -0.3618
vn 0.2365 0.7688 -0.5942
vn -0.2787 -0.5775 0.7674
vn -0.3413 -0.6721 0.6571
vn -0.2650 -0.6547 0.7080
vn 0.4268 0.5518 -0.7165
vn 0.5699 0.3951 -0.7205
vn 0.3367 0.4036 -0.8507
vn -0.0035 0.2880 -0.9576
vn 0.0048 0.4028 -0.9153
vn 0.2796 0.5229 -0.8052
vn -0.8309 0.4679 -0.3011
vn -0.8306 0.4715 -0.2965
vn -0.8302 0.4752 -0.2915
vn 0.4092 0.8825 -0.2319
vn 0.6513 0.7443 -0.1477
vn -0.3008 -0.5780 0.7586
vn -0.0517 -0.7394 0.6713
vn 0.8080 0.4877 -0.3306
vn 0.8520 0.3059 -0.4249
vn 0.8490 0.2984 -0.4361
vn 0.6983 0.7125 0.0684
vn 0.9086 0.4170 -0.0255
vn 0.9937 0.0942 -0.0604
vn 0.5613 0.8131 0.1545
vn 0.8551 -0.4899 0.1695
vn 0.5931 -0.7545 -0.2809
vn 0.6767 0.6448 0.3555
vn 0.8797 0.3307 0.3416
vn 0.9607 -0.0564 0.2717
vn 0.5119 0.7914 0.3341
vn -0.7449 -0.6376 0.1966
vn -0.6681 -0.7055 -0.2364
vn -0.7106 -0.7035 -0.0099
vn 0.6009 -0.7774 0.1859
vn 0.6598 -0.7488 0.0629
vn 0.7452 -0.1738 0.6438
vn 0.3587 0.7360 0.5741
vn 0.5229 0.5662 0.6372
vn -0.5949 -0.7092 -0.3783
vn -0.3822 -0.5880 -0.7129
vn -0.4188 -0.5704 -0.7066
vn 0.6647 -0.6055 0.4376
vn 0.6857 0.2329 0.6896
vn 0.4525 -0.2468 0.8569
vn 0.2797 0.5304 0.8003
vn -0.1781 -0.4303 -0.8849
vn -0.2280 -0.4315 -0.8728
vn 0.3820 -0.6870 0.6182
vn 0.4155 0.1732 0.8929
vn 0.3425 -0.8551 0.3892
vn -0.0110 -0.3891 -0.9211
vn 0.0177 -0.3902 -0.9205
vn 0.0995 -0.5158 0.8509
vn 0.0864 0.1427 0.9860
vn 0.0486 -0.9123 0.4066
vn 0.0920 -0.2871 0.9535
vn 0.1471 0.6917 0.7071
vn 0.0274 0.5098 0.8598
vn -0.2894 0.1347 0.9477
vn 0.0635 -0.9210 0.3843
vn -0.1709 -0.9193 0.3546
vn -0.3042 -0.2881 0.9080
vn 0.0146 0.6674 0.7445
vn -0.2324 0.4911 0.8395
vn 0.2546 -0.3830 -0.8880
vn 0.2542 -0.3851 -0.8872
vn -0.2879 -0.5097 0.8107
vn -0.3786 -0.8925 0.2452
vn -0.3782 -0.8848 0.2723
vn -0.6159 0.1880 0.7651
vn -0.6522 -0.2391 0.7194
vn -0.3583 0.6915 0.6272
vn -0.4530 0.5409 0.7087
vn 0.4649 -0.4191 -0.7798
vn -0.6266 -0.4689 0.6225
vn -0.4419 0.7297 0.5218
vn -0.6217 0.5886 0.5167
vn 0.4887 -0.4213 -0.7640
vn 0.6327 -0.4871 -0.6021
vn -0.8855 -0.1604 0.4360
vn -0.7436 -0.6143 0.2641
vn -0.8268 0.2534 0.5021
vn -0.6005 -0.7942 0.0926
vn 0.5991 -0.4805 -0.6405
vn 0.6767 -0.6411 -0.3620
vn -0.9934 -0.0615 0.0968
vn -0.8609 -0.5070 -0.0423
vn -0.7223 0.6466 0.2455
vn -0.9235 0.3368 0.1834
vn -0.6856 -0.6943 -0.2188
vn -0.5329 0.7936 0.2936
vn -0.8493 -0.3798 -0.3666
vn -0.6600 -0.6636 -0.3522
vn -0.8713 0.4438 -0.2093
vn -0.9427 0.0665 -0.3271
vn -0.6774 0.7323 -0.0705
vn 0.6485 -0.6545 -0.3887
vn 0.6164 -0.7874 0.0028
vn -0.4104 -0.6897 -0.5965
vn -0.7625 0.2076 -0.6128
vn -0.5141 0.8577 0.0113
vn -0.5233 0.7914 -0.3159
vn -0.5661 -0.6376 0.5225
vn -0.4274 -0.7151 0.5531
vn -0.6409 -0.6636 0.3857
vn -0.6753 0.5193 -0.5237
vn 0.5010 -0.7818 0.3712
vn 0.5954 -0.7871 0.1610
vn -0.4066 0.3795 -0.8310
vn -0.5014 0.3712 -0.7816
vn -0.4096 0.5686 -0.7134
vn -0.2236 -0.8332 -0.5058
vn -0.4493 0.8783 -0.1634
vn -0.3581 0.8095 -0.4652
vn 0.0743 -0.9399 -0.3332
vn 0.1301 -0.9495 -0.2857
vn 0.2758 -0.9367 -0.2158
vn -0.1443 0.5537 -0.8201
vn -0.0142 0.9696 0.2443
vn 0.0393 -0.9633 -0.2657
vn 0.0264 -0.9531 -0.3016
vn 0.0268 -0.9586 -0.2833
vn 0.3446 0.3326 -0.8779
vn 0.2973 0.4857 -0.8220
vn 0.4201 0.2571 -0.8703
vn -0.0906 0.4339 -0.8964
vn -0.2458 0.4550 -0.8559
vn -0.0971 0.9152 -0.3912
vn -0.1179 0.7947 -0.5954
vn -0.2558 -0.5809 0.7728
vn -0.1760 -0.6828 0.7091
vn -0.1896 -0.4359 0.8798
vn -0.2257 -0.5314 0.8165
vn 0.1512 0.3076 -0.9394
vn 0.1009 0.4000 -0.9110
vn 0.2028 0.6801 -0.7046
vn 0.2169 0.1903 -0.9575
vn 0.2278 0.3029 -0.9254
vn 0.2772 -0.9384 -0.2061
vn 0.3027 -0.9424 -0.1421
vn 0.3591 -0.9259 -0.1177
vn -0.1508 -0.9178 -0.3674
vn -0.0306 -0.9328 -0.3591
vn 0.0562 -0.9384 -0.3409
vn -0.2958 -0.8860 -0.3572
vn -0.2005 -0.9183 -0.3413
vn -0.3987 -0.4223 0.8140
vn 0.0877 -0.6798 0.7281
vn -0.2859 -0.5262 0.8009
vn 0.0189 0.2019 -0.9792
vn -0.9917 -0.0448 -0.1208
vn -0.9917 -0.0484 -0.1194
vn -0.9912 -0.0150 -0.1317
vn 0.8699 -0.1650 0.4648
vn 0.8687 -0.1686 0.4658
vn 0.8620 -0.1878 0.4708
vn -0.3444 -0.5238 0.7791
vn -0.2165 -0.7378 0.6394
vn -0.2750 -0.7340 0.6210
vn 0.0142 -0.9696 -0.2443
vn 0.1564 -0.9679 -0.1968
vn 0.0678 -0.9640 -0.2570
vn 0.0403 -0.9458 -0.3223
vn 0.0533 -0.9356 -0.3490
vn 0.1228 -0.9123 -0.3906
vn 0.0143 -0.9696 -0.2443
vn -0.2739 -0.9591 -0.0715
vn -0.1910 -0.9753 -0.1114
vn -0.1104 -0.9827 -0.1485
vn -0.8954 -0.3979 -0.2000
vn -0.8787 -0.4236 -0.2200
vn -0.8673 -0.4400 -0.2329
vn -0.9118 0.4101 -0.0188
vn -0.9098 0.4146 -0.0198
vn -0.9134 0.4067 -0.0181
vn -0.3686 0.9113 0.1837
vn -0.3715 0.9099 0.1845
vn -0.3663 0.9123 0.1830
vn 0.3323 0.8986 0.2864
vn 0.3401 0.8970 0.2824
vn 0.3265 0.8998 0.2894
vn 0.8899 0.3968 0.2251
vn 0.8965 0.3873 0.2152
vn 0.8837 0.4054 0.2341
vn 0.8729 -0.4828 0.0710
vn 0.8348 -0.5506 0.0031
vn 0.8958 -0.4273 0.1225
vn 0.3371 -0.9415 -0.0002
vn 0.3100 -0.9507 0.0116
vn 0.2886 -0.9572 0.0208
vn 0.1511 -0.9866 0.0622
vn 0.1046 -0.9943 -0.0184
vn 0.1934 -0.9715 0.1370
vn 0.7903 -0.5314 0.3050
vn 0.7954 -0.5071 0.3319
vn 0.7864 -0.5468 0.2873
vn 0.4935 0.8098 0.3173
vn 0.8027 0.2978 0.5167
vn 0.8027 0.2985 0.5163
vn 0.3013 0.8689 0.3928
vn 0.3035 0.8668 0.3956
vn 0.3051 0.8653 0.3977
vn -0.3375 0.9385 0.0731
vn -0.3354 0.9389 0.0772
vn -0.3338 0.9392 0.0804
vn -0.8269 -0.3783 -0.4160
vn -0.7511 -0.4765 -0.4570
vn -0.6837 -0.5467 -0.4833
vn -0.4607 -0.8579 -0.2274
vn -0.4460 -0.8725 -0.1995
vn -0.4725 -0.8451 -0.2503
vn 0.5055 -0.3152 -0.8032
vn 0.5667 0.1665 -0.8069
vn 0.5907 0.1765 -0.7873
vn 0.7315 0.2965 -0.6139
vn -0.4914 -0.5564 -0.6700
vn 0.7165 -0.6344 -0.2900
vn -0.0475 -0.8654 -0.4988
vn 0.5136 -0.8343 -0.2002
vn -0.5029 -0.6610 -0.5570
vn 0.2199 -0.8834 -0.4139
vn 0.7853 -0.5946 -0.1725
vn -0.6100 0.7194 -0.3323
vn 0.9867 0.0320 -0.1596
vn 0.9867 0.0491 -0.1549
vn 0.9864 0.0676 -0.1498
vn -0.7081 0.1586 -0.6880
vn -0.7075 0.1414 -0.6925
vn -0.7086 0.1771 -0.6830
vn 0.7697 0.6303 0.1017
vn -0.6097 -0.5045 -0.6113
vn -0.7552 0.1493 -0.6383
vn -0.7471 0.1487 -0.6478
vn -0.7565 0.1495 -0.6367
vn 0.9705 0.0305 -0.2393
vn 0.9725 0.0272 -0.2312
vn 0.9702 0.0309 -0.2402
vn -0.7073 0.1393 -0.6930
vn 0.9866 0.0299 -0.1601
vn 0.9866 0.0299 -0.1602
vn -0.6556 0.1323 -0.7434
vn -0.6490 0.1350 -0.7487
vn -0.6482 0.1354 -0.7493
vn 0.9943 0.0362 -0.1000
vn 0.9955 0.0363 -0.0876
vn 0.9957 0.0363 -0.0855
vn 0.2208 0.2654 -0.9385
vn 0.3727 -0.8717 -0.3182
vn 0.3050 -0.8022 -0.5133
vn 0.2234 -0.7194 0.6576
vn -0.0491 -0.7793 -0.6247
vn 0.4188 -0.7127 0.5627
vn 0.3972 -0.5055 -0.7660
vn 0.6075 -0.5850 -0.5374
vn 0.5011 -0.6587 -0.5613
vn 0.2068 -0.3649 -0.9078
vn 0.4908 -0.4131 -0.7671
vn -0.0012 -0.1356 -0.9908
vn 0.2771 -0.2553 -0.9263
vn -0.0411 -0.2584 -0.9652
vn -0.3018 -0.0723 -0.9506
vn -0.5555 -0.2044 -0.8060
vn -0.3088 -0.2020 -0.9294
vn -0.7437 -0.2652 -0.6136
vn -0.5788 -0.0750 -0.8120
vn -0.9034 -0.2668 -0.3356
vn -0.7900 -0.1433 -0.5961
vn -0.8432 -0.5176 -0.1453
vn -0.8447 -0.3752 -0.3816
vn -0.7393 -0.6708 0.0593
vn -0.9017 -0.4267 -0.0704
vn -0.5713 -0.7564 0.3186
vn -0.7851 -0.5986 0.1594
vn -0.3010 -0.9179 0.2585
vn -0.5489 -0.8113 0.2011
vn 0.0076 -0.9393 0.3429
vn -0.2930 -0.8760 0.3830
vn 0.2134 -0.9719 0.0993
vn -0.0333 -0.9743 0.2228
vn 0.4016 -0.9111 -0.0930
vn 0.2845 -0.9366 0.2043
vn 0.5026 -0.8011 -0.3250
vn 0.4958 -0.8683 -0.0116
vn 0.6092 -0.7449 -0.2721
vn 0.8013 -0.3905 -0.4533
vn 0.4126 -0.0025 -0.9109
vn 0.6641 -0.1882 -0.7236
vn 0.0851 0.1382 -0.9867
vn -0.5943 0.2095 -0.7765
vn -0.2684 0.2127 -0.9395
vn -0.8429 0.1292 -0.5224
vn -0.9742 -0.2042 0.0961
vn -0.9763 -0.0161 -0.2160
vn -0.8370 -0.4065 0.3664
vn -0.2581 -0.7329 0.6295
vn -0.5855 -0.5921 0.5537
vn 0.0955 -0.8074 0.5823
vn 0.4213 -0.8042 0.4192
vn 0.8033 -0.5786 -0.1412
vn 0.6699 -0.7238 0.1652
vn 0.8001 0.1049 -0.5907
vn 0.9470 -0.1117 -0.3013
vn 0.5308 0.3036 -0.7912
vn 0.1803 0.4544 -0.8724
vn -0.1983 0.5341 -0.8218
vn -0.5472 0.5307 -0.6473
vn -0.8133 0.4447 -0.3753
vn -0.9561 0.2891 -0.0472
vn -0.8070 -0.1288 0.5763
vn -0.9539 0.0877 0.2869
vn -0.5378 -0.3276 0.7768
vn 0.1913 -0.5580 0.8075
vn -0.1872 -0.4783 0.8580
vn 0.5402 -0.5546 0.6329
vn 0.8063 -0.4686 0.3609
vn 0.9492 -0.3131 0.0328
vn 0.8370 0.4061 -0.3667
vn 0.9743 0.2037 -0.0964
vn 0.2580 0.7326 -0.6299
vn 0.5855 0.5918 -0.5541
vn -0.0956 0.8070 -0.5827
vn -0.4216 0.8039 -0.4196
vn -0.6702 0.7235 -0.1655
vn -0.8036 0.5782 0.1410
vn -0.6643 0.1878 0.7235
vn -0.8016 0.3901 0.4531
vn -0.0853 -0.1387 0.9866
vn -0.4128 0.0021 0.9108
vn 0.2683 -0.2132 0.9394
vn 0.5943 -0.2100 0.7763
vn 0.9763 0.0156 0.2158
vn 0.8429 -0.1297 0.5222
vn 0.8627 0.4907 0.1226
vn 0.5568 0.7960 -0.2375
vn 0.7547 0.6499 -0.0901
vn 0.2991 0.9068 -0.2972
vn -0.2356 0.9629 -0.1317
vn 0.0208 0.9654 -0.2600
vn -0.4312 0.8996 0.0683
vn -0.5362 0.7853 0.3094
vn -0.5346 0.6373 0.5550
vn -0.4266 0.4781 0.7677
vn 0.0290 0.2212 0.9748
vn -0.2287 0.3320 0.9151
vn 0.5637 0.1651 0.8093
vn 0.3072 0.1626 0.9376
vn 0.7593 0.2283 0.6094
vn 0.8643 0.3427 0.3682
vn 0.7493 0.6189 0.2356
vn 0.6639 0.7447 0.0674
vn 0.3036 0.9479 -0.0963
vn 0.5074 0.8603 -0.0491
vn 0.0836 0.9942 -0.0670
vn -0.1192 0.9923 0.0345
vn -0.2739 0.9423 0.1926
vn -0.3557 0.7348 0.5776
vn -0.3569 0.8519 0.3833
vn -0.2703 0.6089 0.7458
vn -0.1138 0.4934 0.8624
vn 0.3101 0.3594 0.8802
vn 0.0900 0.4057 0.9095
vn 0.5129 0.3614 0.7787
vn 0.7506 0.5018 0.4299
vn 0.6676 0.4114 0.6206
vn 0.9732 0.0042 -0.2299
vn 0.8274 0.2191 -0.5171
vn 0.5602 0.4164 -0.7161
vn 0.2123 0.5659 -0.7966
vn 0.5603 0.4164 -0.7161
vn -0.1633 0.6451 -0.7465
vn -0.5096 0.6417 -0.5732
vn -0.7736 0.5563 -0.3033
vn -0.9154 0.4020 0.0223
vn -0.9154 0.4020 0.0222
vn -0.9132 0.2021 0.3539
vn -0.7674 -0.0128 0.6410
vn -0.5002 -0.2100 0.8400
vn -0.1523 -0.3596 0.9206
vn 0.2233 -0.4387 0.8704
vn 0.5696 -0.4354 0.6972
vn 0.8336 -0.3500 0.4272
vn 0.9754 -0.1956 0.1017
vn 0.3260 -0.7474 -0.5789
vn 0.2445 -0.6272 -0.7394
vn 0.0951 -0.5170 -0.8507
vn -0.0993 -0.4334 -0.8957
vn -0.3093 -0.3891 -0.8677
vn -0.5029 -0.3910 -0.7708
vn -0.6505 -0.4387 -0.6199
vn -0.7298 -0.5250 -0.4380
vn -0.7285 -0.6367 -0.2526
vn -0.6470 -0.7569 -0.0921
vn -0.4977 -0.8671 0.0192
vn -0.3032 -0.9508 0.0642
vn -0.0932 -0.9950 0.0362
vn 0.1004 -0.9931 -0.0607
vn 0.2480 -0.9454 -0.2116
vn 0.1003 -0.9931 -0.0607
vn 0.3272 -0.8591 -0.3935
vn 0.3272 -0.8591 -0.3936
vn 0.9505 -0.0997 -0.2941
vn 0.8036 0.1168 -0.5835
vn 0.5344 0.3156 -0.7841
vn 0.8036 0.1169 -0.5835
vn 0.1838 0.4664 -0.8653
vn -0.1948 0.5461 -0.8147
vn -0.5437 0.5427 -0.6402
vn -0.8099 0.4567 -0.3681
vn -0.5438 0.5427 -0.6402
vn -0.9527 0.3011 -0.0400
vn -0.9505 0.0997 0.2941
vn -0.8036 -0.1168 0.5835
vn -0.5344 -0.3156 0.7841
vn -0.8036 -0.1169 0.5835
vn -0.1838 -0.4664 0.8653
vn 0.1948 -0.5461 0.8147
vn 0.5438 -0.5427 0.6402
vn 0.8099 -0.4567 0.3681
vn 0.9527 -0.3011 0.0400
vn 0.9505 -0.0997 -0.2942
vn -0.8036 -0.1169 0.5836
vn 0.2135 -0.9719 0.0993
vn 0.8036 0.1169 -0.5836
vn -0.9505 0.0997 0.2942
vn 0.7611 0.6403 -0.1037
vn 0.7910 0.5787 0.1987
vn 0.8708 0.4785 0.1125
vn 0.5264 0.8427 -0.1127
vn 0.6976 0.7163 0.0147
vn 0.5600 0.7888 -0.2535
vn 0.3035 0.9385 -0.1644
vn 0.0153 0.9609 -0.2764
vn 0.2981 0.9014 -0.3141
vn -0.2453 0.9584 -0.1460
vn 0.0629 0.9892 -0.1322
vn -0.3281 0.9324 0.1517
vn -0.1589 0.9871 -0.0212
vn -0.4441 0.8941 0.0573
vn -0.4189 0.8335 0.3603
vn -0.5492 0.6275 0.5519
vn -0.5508 0.7779 0.3023
vn -0.4395 0.4657 0.7681
vn -0.4175 0.7055 0.5727
vn -0.1530 0.4414 0.8842
vn -0.3241 0.5678 0.7567
vn 0.0236 0.2046 0.9786
vn -0.2383 0.3172 0.9179
vn 0.3106 0.2949 0.9036
vn 0.0699 0.3456 0.9358
vn 0.3064 0.1451 0.9408
vn 0.5324 0.2971 0.7927
vn 0.7658 0.2119 0.6072
vn 0.5670 0.1476 0.8104
vn 0.7924 0.4506 0.4112
vn 0.7016 0.3517 0.6197
vn 0.8725 0.3281 0.3621
vn 0.8373 0.4030 -0.3696
vn 0.9747 0.2003 -0.0988
vn 0.5854 0.5889 -0.5572
vn -0.0969 0.8046 -0.5859
vn 0.2573 0.7300 -0.6332
vn -0.6724 0.7209 -0.1680
vn -0.4233 0.8014 -0.4225
vn -0.8060 0.5754 0.1389
vn -0.6665 0.1843 0.7224
vn -0.8039 0.3869 0.4516
vn -0.0865 -0.1427 0.9860
vn -0.4146 -0.0017 0.9100
vn 0.2677 -0.2173 0.9387
vn 0.8431 -0.1336 0.5208
vn 0.5941 -0.2141 0.7753
vn 0.9768 0.0119 0.2139
vn 0.7908 0.0760 -0.6073
vn 0.9376 -0.1403 -0.3182
vn 0.5219 0.2746 -0.8076
vn 0.1717 0.4251 -0.8887
vn -0.2064 0.5048 -0.8382
vn -0.8208 0.4155 -0.3921
vn -0.5549 0.5014 -0.6638
vn -0.9634 0.2601 -0.0644
vn -0.9612 0.0589 0.2694
vn -0.8145 -0.1574 0.5584
vn -0.1954 -0.5065 0.8398
vn -0.5456 -0.3559 0.7587
vn 0.1828 -0.5861 0.7893
vn 0.7971 -0.4968 0.3432
vn 0.5313 -0.5827 0.6150
vn 0.9398 -0.3414 0.0155
vn 0.8635 -0.2985 -0.4066
vn 0.4598 0.1045 -0.8819
vn 0.7210 -0.0884 -0.6873
vn 0.1196 0.2507 -0.9606
vn -0.2477 0.3281 -0.9116
vn -0.5862 0.3248 -0.7422
vn -0.8444 0.2413 -0.4783
vn -0.9808 -0.1050 0.1642
vn -0.9830 0.0904 -0.1600
vn -0.8383 -0.3151 0.4449
vn -0.5771 -0.5079 0.6395
vn 0.1303 -0.7315 0.6692
vn -0.2369 -0.6542 0.7183
vn 0.7270 -0.6448 0.2359
vn 0.4689 -0.7282 0.4999
vn 0.8656 -0.4939 -0.0824
vn 0.4640 -0.6805 -0.5671
vn 0.3647 -0.5342 -0.7627
vn 0.1828 -0.3998 -0.8982
vn -0.0541 -0.2980 -0.9530
vn -0.3100 -0.2441 -0.9189
vn -0.5457 -0.2464 -0.8009
vn -0.7256 -0.3045 -0.6171
vn -0.8221 -0.4097 -0.3954
vn -0.8206 -0.5457 -0.1696
vn -0.8221 -0.4096 -0.3954
vn -0.7213 -0.6921 0.0260
vn -0.5394 -0.8264 0.1615
vn -0.3025 -0.9283 0.2164
vn -0.0467 -0.9822 0.1822
vn 0.1891 -0.9799 0.0642
vn 0.3690 -0.9217 -0.1196
vn 0.4655 -0.8166 -0.3413
vn 0.2419 0.8318 0.4997
vn -0.2419 -0.8318 -0.4997
vn 0.1448 0.8201 0.5536
vn 0.1481 0.8165 0.5580
vn 0.1433 0.8217 0.5516
vn 0.1481 -0.5615 0.8141
vn 0.1448 -0.5664 0.8113
vn 0.1433 -0.5687 0.8100
vn -0.1434 -0.8165 -0.5593
vn -0.1399 -0.8201 -0.5549
vn -0.1382 -0.8219 -0.5526
vn -0.1399 0.5659 -0.8125
vn -0.1434 0.5610 -0.8153
vn -0.1382 0.5685 -0.8110
vn 0.4343 0.7868 0.4384
vn 0.4455 0.7765 0.4455
vn 0.4294 0.7913 0.4353
vn 0.4455 -0.5646 0.6948
vn 0.4343 -0.5768 0.6919
vn 0.4294 -0.5821 0.6905
vn -0.4365 -0.7773 -0.4531
vn -0.4242 -0.7879 -0.4463
vn -0.4168 -0.7942 -0.4422
vn -0.4242 0.5749 -0.6996
vn -0.4365 0.5626 -0.7021
vn -0.4168 0.5822 -0.6980
vn 0.7318 0.6800 -0.0464
vn 0.7324 0.6793 -0.0459
vn 0.7326 0.6791 -0.0457
vn 0.7324 -0.6504 0.2013
vn 0.7318 -0.6512 0.2010
vn 0.7326 -0.6502 0.2014
vn -0.7325 -0.6792 0.0467
vn -0.7319 -0.6798 0.0473
vn -0.7328 -0.6788 0.0463
vn -0.7319 0.6514 -0.2001
vn -0.7325 0.6506 -0.2005
vn -0.7328 0.6501 -0.2007
vn 0.5634 0.5834 -0.5850
vn 0.5653 0.5816 -0.5849
vn 0.5663 0.5807 -0.5849
vn 0.5653 -0.7529 -0.3369
vn 0.5634 -0.7546 -0.3363
vn 0.5663 -0.7521 -0.3371
vn -0.5634 -0.5813 0.5871
vn -0.5614 -0.5829 0.5874
vn -0.5651 -0.5799 0.5868
vn -0.5614 0.7550 0.3387
vn -0.5634 0.7534 0.3390
vn -0.5651 0.7520 0.3392
vn 0.1042 0.5572 -0.8238
vn 0.1097 0.5521 -0.8265
vn 0.1191 0.5433 -0.8311
vn 0.1097 -0.8122 -0.5729
vn 0.1042 -0.8160 -0.5686
vn 0.1191 -0.8056 -0.5804
vn -0.0808 -0.5500 0.8313
vn -0.0778 -0.5523 0.8300
vn -0.0967 -0.5377 0.8376
vn -0.0778 0.8137 0.5761
vn -0.0808 0.8119 0.5781
vn -0.0967 0.8027 0.5885
vn -0.4433 0.8201 0.3618
vn -0.4460 0.8165 0.3666
vn -0.4421 0.8217 0.3596
vn -0.6789 -0.5615 0.4731
vn -0.6777 -0.5664 0.4689
vn -0.6771 -0.5687 0.4670
vn 0.4491 -0.8165 -0.3629
vn 0.4465 -0.8201 -0.3579
vn 0.4452 -0.8219 -0.3554
vn 0.6808 0.5659 -0.4650
vn 0.6820 0.5610 -0.4693
vn 0.6802 0.5685 -0.4628
vn -0.2182 0.7868 0.5773
vn -0.2200 0.7765 0.5904
vn -0.2174 0.7913 0.5715
vn -0.4468 -0.5646 0.6940
vn -0.4487 -0.5768 0.6826
vn -0.4495 -0.5821 0.6776
vn 0.2306 -0.7773 -0.5854
vn 0.2296 -0.7879 -0.5714
vn 0.2289 -0.7942 -0.5629
vn 0.4600 0.5749 -0.6767
vn 0.4571 0.5626 -0.6889
vn 0.4616 0.5822 -0.6693
vn 0.3464 0.6800 0.6463
vn 0.3462 0.6793 0.6471
vn 0.3461 0.6791 0.6473
vn 0.1214 -0.6504 0.7498
vn 0.1214 -0.6512 0.7491
vn 0.1214 -0.6502 0.7500
vn -0.3469 -0.6792 -0.6468
vn -0.3473 -0.6798 -0.6460
vn -0.3467 -0.6788 -0.6473
vn -0.1222 0.6514 -0.7488
vn -0.1221 0.6506 -0.7495
vn -0.1221 0.6501 -0.7499
vn 0.7663 0.5834 0.2692
vn 0.7670 0.5816 0.2710
vn 0.7673 0.5807 0.2719
vn 0.5414 -0.7529 0.3741
vn 0.5401 -0.7546 0.3726
vn 0.5420 -0.7521 0.3749
vn -0.7681 -0.5813 -0.2684
vn -0.7676 -0.5829 -0.2665
vn -0.7686 -0.5799 -0.2701
vn -0.5414 0.7550 -0.3698
vn -0.5425 0.7534 -0.3715
vn -0.5435 0.7520 -0.3730
vn 0.7926 0.5572 -0.2477
vn 0.7973 0.5521 -0.2438
vn 0.8054 0.5433 -0.2372
vn 0.5667 -0.8122 -0.1384
vn 0.5604 -0.8160 -0.1416
vn 0.5773 -0.8056 -0.1329
vn -0.7896 -0.5500 0.2720
vn -0.7872 -0.5523 0.2743
vn -0.8020 -0.5377 0.2602
vn -0.5563 0.8137 0.1688
vn -0.5594 0.8119 0.1668
vn -0.5754 0.8027 0.1567
vn 0.6405 0.3873 -0.6631
vn 0.6492 0.2940 -0.7015
vn 0.8117 0.2913 -0.5063
vn -0.0533 0.3087 -0.9497
vn 0.1251 0.3817 -0.9158
vn -0.3981 0.3720 -0.8385
vn -0.8312 0.4643 -0.3059
vn 0.5781 0.8153 -0.0317
vn -0.1869 0.6582 0.7293
vn -0.3565 0.8757 -0.3257
vn 0.1115 -0.9439 -0.3107
vn 0.2172 0.1901 -0.9574
vn 0.3349 -0.9045 -0.2640
vn -0.0395 -0.9566 -0.2887
vn -0.3756 -0.8788 -0.2944
vn -0.2277 -0.8682 -0.4409
vn -0.0106 0.2153 -0.9765
vn -0.9914 -0.0681 -0.1122
vn 0.8792 -0.1358 0.4567
vn -0.3491 -0.9365 -0.0337
vn -0.9048 -0.3823 -0.1879
vn -0.9081 0.4181 -0.0206
vn -0.3736 0.9089 0.1851
vn 0.3466 0.8956 0.2790
vn 0.9030 0.3775 0.2051
vn 0.7930 -0.6065 -0.0579
vn 0.3586 -0.9334 -0.0097
vn 0.0594 -0.9937 -0.0951
vn 0.7980 -0.4922 0.3477
vn 0.8029 0.2969 0.5170
vn 0.2996 0.8705 0.3904
vn -0.3394 0.9381 0.0693
vn -0.8633 -0.3206 -0.3899
vn -0.4327 -0.8844 -0.1749
vn -0.7458 0.1485 -0.6494
vn 0.9727 0.0268 -0.2303
vn -0.6564 0.1320 -0.7428
vn 0.9941 0.0362 -0.1020
vn 0.1494 0.8150 0.5599
vn 0.1494 -0.5594 0.8153
vn -0.1450 -0.8148 -0.5614
vn -0.1450 0.5586 -0.8167
vn 0.4493 0.7730 0.4479
vn 0.4493 -0.5604 0.6958
vn -0.4422 -0.7722 -0.4562
vn -0.4422 0.5567 -0.7032
vn 0.7315 0.6803 -0.0467
vn 0.7315 -0.6516 0.2008
vn -0.7314 -0.6803 0.0479
vn -0.7314 0.6521 -0.1998
vn 0.5621 0.5846 -0.5851
vn 0.5621 -0.7558 -0.3359
vn -0.5590 -0.5849 0.5878
vn -0.5590 0.7570 0.3383
vn 0.0935 0.5671 -0.8183
vn 0.0935 -0.8233 -0.5599
vn -0.0596 -0.5660 0.8223
vn -0.0596 0.8236 0.5640
vn -0.4471 0.8150 0.3686
vn -0.6794 -0.5594 0.4748
vn 0.4503 -0.8148 -0.3652
vn 0.6825 0.5586 -0.4713
vn -0.2207 0.7730 0.5949
vn -0.4460 -0.5604 0.6979
vn 0.2311 -0.7722 -0.5918
vn 0.4557 0.5567 -0.6945
vn 0.3466 0.6803 0.6458
vn 0.1214 -0.6516 0.7488
vn -0.3476 -0.6803 -0.6453
vn -0.1223 0.6521 -0.7482
vn 0.7658 0.5846 0.2680
vn 0.5392 -0.7558 0.3716
vn -0.7669 -0.5849 -0.2641
vn -0.5401 0.7570 -0.3677
vn 0.7831 0.5671 -0.2552
vn 0.5481 -0.8233 -0.1477
vn -0.7726 -0.5660 0.2876
vn -0.5377 0.8236 0.1802
vt 0.275320 0.857567
vt 0.294037 0.862247
vt 0.294037 0.852888
vt 0.312754 0.852888
vt 0.331471 0.862247
vt 0.331471 0.852888
vt 0.350188 0.852888
vt 0.294037 0.871605
vt 0.312754 0.862247
vt 0.331471 0.871605
vt 0.350187 0.862247
vt 0.275320 0.866926
vt 0.312754 0.871605
vt 0.294037 0.880963
vt 0.331471 0.880963
vt 0.350188 0.871605
vt 0.275320 0.876284
vt 0.312754 0.880963
vt 0.275320 0.885643
vt 0.294037 0.890322
vt 0.312754 0.890322
vt 0.331471 0.890322
vt 0.350188 0.880963
vt 0.312754 0.899680
vt 0.294037 0.899680
vt 0.331471 0.899680
vt 0.350188 0.890322
vt 0.275320 0.895001
vt 0.312754 0.909038
vt 0.331471 0.909038
vt 0.350187 0.899680
vt 0.275320 0.904360
vt 0.294037 0.909038
vt 0.331471 0.918397
vt 0.350188 0.909038
vt 0.275320 0.913718
vt 0.294037 0.918397
vt 0.312754 0.918397
vt 0.275320 0.923076
vt 0.294037 0.927756
vt 0.331471 0.927756
vt 0.350188 0.918397
vt 0.312754 0.937114
vt 0.312754 0.927755
vt 0.331471 0.937114
vt 0.350188 0.927755
vt 0.275320 0.932435
vt 0.294037 0.937114
vt 0.312754 0.946472
vt 0.331471 0.946472
vt 0.350187 0.937114
vt 0.275320 0.941793
vt 0.294037 0.946472
vt 0.275320 0.951151
vt 0.294037 0.955831
vt 0.331471 0.955831
vt 0.350188 0.946472
vt 0.275320 0.960510
vt 0.294037 0.965189
vt 0.312754 0.955831
vt 0.331471 0.965189
vt 0.350188 0.955831
vt 0.294037 0.824813
vt 0.312754 0.815454
vt 0.294037 0.815454
vt 0.331471 0.824812
vt 0.350187 0.815454
vt 0.331471 0.815454
vt 0.275320 0.820134
vt 0.294037 0.834171
vt 0.312754 0.824813
vt 0.331471 0.834171
vt 0.350187 0.824813
vt 0.275320 0.829493
vt 0.275320 0.838850
vt 0.294037 0.843529
vt 0.312754 0.834171
vt 0.331471 0.843529
vt 0.312754 0.843530
vt 0.350188 0.834171
vt 0.350188 0.843530
vt 0.275320 0.848209
vt 0.350187 0.852888
vt 0.350188 0.862247
vt 0.350187 0.890322
vt 0.350188 0.899680
vt 0.331471 0.927755
vt 0.350187 0.927756
vt 0.350188 0.937114
vt 0.331471 0.946472
vt 0.312754 0.965189
vt 0.350187 0.815454
vt 0.350188 0.824812
vt 0.331471 0.843530
vt 0.350187 0.843529
vt 0.350187 0.965189
vt 0.887337 0.228794
vt 0.887337 0.309364
vt 0.887337 0.309362
vt 0.801716 0.342435
vt 0.801716 0.301270
vt 0.766066 0.280688
vt 0.766067 0.363017
vt 0.730417 0.301270
vt 0.887337 0.389933
vt 0.887337 0.389933
vt 0.773736 0.374068
vt 0.844939 0.374068
vt 0.809337 0.312404
vt 0.796695 0.470503
vt 0.736268 0.551071
vt 0.736268 0.470503
vt 0.796695 0.389933
vt 0.736269 0.389933
vt 0.796695 0.309364
vt 0.736268 0.309362
vt 0.796695 0.228794
vt 0.736268 0.228794
vt 0.796695 0.148222
vt 0.736269 0.148222
vt 0.796695 0.067654
vt 0.736268 0.067654
vt 0.857123 0.470503
vt 0.796695 0.551071
vt 0.857123 0.389933
vt 0.857123 0.309364
vt 0.857123 0.228794
vt 0.857123 0.148222
vt 0.857123 0.067654
vt 0.706054 0.067654
vt 0.706054 0.148224
vt 0.706054 0.228794
vt 0.706054 0.309364
vt 0.706054 0.389933
vt 0.706054 0.470503
vt 0.706054 0.551071
vt 0.887337 0.470503
vt 0.857123 0.551071
vt 0.887337 0.148222
vt 0.887337 0.067654
vt 0.773735 0.332959
vt 0.706054 0.148222
vt 0.809337 0.394623
vt 0.809338 0.394623
vt 0.917550 0.067654
vt 0.887337 0.148224
vt 0.917550 0.148226
vt 0.887337 0.228792
vt 0.917550 0.228794
vt 0.917550 0.309362
vt 0.917550 0.389933
vt 0.887337 0.470501
vt 0.917550 0.470503
vt 0.887337 0.551071
vt 0.730417 0.342435
vt 0.675841 0.470503
vt 0.675841 0.551071
vt 0.675841 0.389933
vt 0.675841 0.309360
vt 0.675841 0.228794
vt 0.675841 0.148226
vt 0.675841 0.067654
vt 0.844939 0.332958
vt 0.844939 0.374068
vt 0.366372 0.166950
vt 0.322056 0.189108
vt 0.322056 0.166950
vt 0.366372 0.322058
vt 0.322056 0.366372
vt 0.322056 0.322054
vt 0.366372 0.521476
vt 0.322056 0.543633
vt 0.322056 0.521476
vt 0.366372 0.676582
vt 0.322056 0.720895
vt 0.322056 0.676582
vt 0.189109 0.521476
vt 0.144793 0.543635
vt 0.144793 0.521476
vt 0.543634 0.521476
vt 0.499319 0.543633
vt 0.499319 0.521476
vt 0.543634 0.432843
vt 0.499319 0.455000
vt 0.499319 0.432847
vt 0.189109 0.432847
vt 0.144793 0.455000
vt 0.144793 0.432847
vt 0.366372 0.432845
vt 0.322056 0.455000
vt 0.322056 0.432847
vt 0.366372 0.078320
vt 0.322056 0.100475
vt 0.322056 0.078320
vt 0.366372 0.388529
vt 0.322056 0.410685
vt 0.322056 0.388529
vt 0.189109 0.388529
vt 0.144793 0.410685
vt 0.144793 0.388529
vt 0.543634 0.388529
vt 0.499319 0.410685
vt 0.499319 0.388529
vt 0.366372 0.122635
vt 0.322056 0.144795
vt 0.322056 0.122635
vt 0.366372 0.034004
vt 0.322056 0.056160
vt 0.322056 0.034000
vt 0.543634 0.477160
vt 0.499319 0.499318
vt 0.499319 0.477160
vt 0.189109 0.477160
vt 0.144793 0.499318
vt 0.144793 0.477160
vt 0.366372 0.477158
vt 0.322056 0.499318
vt 0.322056 0.477160
vt 0.100478 0.477160
vt 0.056162 0.499318
vt 0.056162 0.477160
vt 0.410688 0.388529
vt 0.410688 0.410683
vt 0.410688 0.410685
vt 0.100478 0.388529
vt 0.056162 0.410685
vt 0.056162 0.388529
vt 0.100478 0.432847
vt 0.056162 0.455000
vt 0.056162 0.432847
vt 0.410688 0.455000
vt 0.410688 0.477160
vt 0.455002 0.521476
vt 0.410688 0.543635
vt 0.410688 0.521476
vt 0.100478 0.521476
vt 0.056162 0.543635
vt 0.056162 0.521476
vt 0.366372 0.587949
vt 0.322056 0.632264
vt 0.322056 0.587949
vt 0.366372 0.233423
vt 0.322056 0.277741
vt 0.322056 0.233423
vt 0.100478 0.410685
vt 0.366372 0.100475
vt 0.366372 0.410683
vt 0.189109 0.410685
vt 0.543634 0.410685
vt 0.100478 0.366372
vt 0.056162 0.366372
vt 0.455003 0.366372
vt 0.410688 0.366372
vt 0.543634 0.366372
vt 0.499319 0.366372
vt 0.189109 0.366372
vt 0.144793 0.366372
vt 0.366372 0.366372
vt 0.366372 0.144788
vt 0.410688 0.432847
vt 0.100478 0.455000
vt 0.366372 0.455000
vt 0.189109 0.455000
vt 0.543634 0.455000
vt 0.366372 0.056160
vt 0.100478 0.499318
vt 0.366372 0.011846
vt 0.322056 0.011846
vt 0.543634 0.499318
vt 0.189109 0.499318
vt 0.366372 0.499318
vt 0.233424 0.499318
vt 0.277741 0.521476
vt 0.233424 0.521476
vt 0.277741 0.011846
vt 0.233424 0.034000
vt 0.233424 0.011846
vt 0.277741 0.056160
vt 0.233424 0.078320
vt 0.233424 0.056160
vt 0.233424 0.455000
vt 0.277741 0.477160
vt 0.233424 0.477160
vt 0.233424 0.144795
vt 0.277741 0.166950
vt 0.233424 0.166950
vt 0.277741 0.366372
vt 0.233424 0.388529
vt 0.233424 0.366372
vt 0.277741 0.410685
vt 0.233424 0.432847
vt 0.233424 0.410685
vt 0.233424 0.100475
vt 0.277741 0.122635
vt 0.233424 0.122635
vt 0.277741 0.233423
vt 0.233424 0.277741
vt 0.233424 0.233423
vt 0.277741 0.587949
vt 0.233424 0.632264
vt 0.233424 0.587949
vt 0.277741 0.499318
vt 0.277741 0.034000
vt 0.277741 0.144795
vt 0.277741 0.388529
vt 0.277741 0.078320
vt 0.277741 0.432847
vt 0.233424 0.676582
vt 0.277741 0.720897
vt 0.233424 0.720897
vt 0.277741 0.543631
vt 0.233424 0.543633
vt 0.233424 0.322054
vt 0.277741 0.189106
vt 0.233424 0.189108
vt 0.277741 0.455000
vt 0.277741 0.100475
vt 0.277741 0.277739
vt 0.277741 0.632266
vt 0.277741 0.676582
vt 0.277741 0.322054
vt 0.189109 0.189108
vt 0.189109 0.166950
vt 0.189109 0.322058
vt 0.189109 0.543633
vt 0.189109 0.720897
vt 0.189109 0.676582
vt 0.189109 0.100475
vt 0.189109 0.078320
vt 0.189109 0.144788
vt 0.189109 0.122635
vt 0.189109 0.056160
vt 0.189109 0.034004
vt 0.189109 0.632266
vt 0.189109 0.587949
vt 0.189109 0.277739
vt 0.189109 0.233423
vt 0.189109 0.011846
vt 0.410688 0.499320
vt 0.366372 0.543633
vt 0.100478 0.543635
vt 0.366372 0.277739
vt 0.011846 0.521476
vt 0.011846 0.499318
vt 0.011846 0.477160
vt 0.011846 0.455000
vt 0.455003 0.388529
vt 0.011846 0.388529
vt 0.011846 0.366372
vt 0.011846 0.432843
vt 0.011846 0.410685
vt 0.366372 0.189108
vt 0.011846 0.543633
vt 0.455003 0.521476
vt 0.410688 0.432845
vt 0.455003 0.543633
vt 0.366372 0.632266
vt 0.455002 0.499320
vt 0.410688 0.499318
vt 0.455002 0.432847
vt 0.455003 0.477160
vt 0.455003 0.455000
vt 0.455003 0.410685
vt 0.939638 0.732028
vt 0.937656 0.731893
vt 0.937608 0.729287
vt 0.938073 0.736920
vt 0.936940 0.736252
vt 0.937222 0.736137
vt 0.944674 0.735400
vt 0.942512 0.735121
vt 0.945242 0.729370
vt 0.937527 0.732731
vt 0.938121 0.732396
vt 0.936987 0.735517
vt 0.936666 0.735328
vt 0.936884 0.735301
vt 0.930503 0.735875
vt 0.934545 0.737476
vt 0.936813 0.738227
vt 0.938183 0.735442
vt 0.938049 0.735037
vt 0.938243 0.734654
vt 0.927522 0.730888
vt 0.892515 0.757157
vt 0.888851 0.722452
vt 0.937363 0.732609
vt 0.936892 0.732019
vt 0.936648 0.735639
vt 0.936435 0.735349
vt 0.935576 0.730701
vt 0.929589 0.731418
vt 0.934586 0.735389
vt 0.936481 0.732444
vt 0.935638 0.732460
vt 0.934903 0.733314
vt 0.936948 0.732719
vt 0.935798 0.734025
vt 0.936447 0.732830
vt 0.936009 0.733048
vt 0.935774 0.733508
vt 0.936869 0.732842
vt 0.936043 0.735391
vt 0.935966 0.734259
vt 0.936383 0.734575
vt 0.936194 0.734109
vt 0.936273 0.733613
vt 0.936848 0.733093
vt 0.936584 0.733192
vt 0.936391 0.734459
vt 0.936446 0.734372
vt 0.936241 0.733879
vt 0.936392 0.733379
vt 0.936495 0.733665
vt 0.936708 0.733326
vt 0.936415 0.734052
vt 0.936532 0.734320
vt 0.936461 0.733858
vt 0.936575 0.733487
vt 0.936580 0.734045
vt 0.936627 0.734300
vt 0.936605 0.733859
vt 0.936703 0.733557
vt 0.936644 0.733704
vt 0.936926 0.733200
vt 0.936814 0.733416
vt 0.936858 0.733620
vt 0.936732 0.734063
vt 0.936810 0.733753
vt 0.936978 0.733291
vt 0.936921 0.733481
vt 0.936714 0.734285
vt 0.936769 0.733892
vt 0.936919 0.733936
vt 0.936875 0.734092
vt 0.937002 0.733677
vt 0.936960 0.733806
vt 0.937055 0.733345
vt 0.937029 0.733526
vt 0.936795 0.734297
vt 0.937140 0.733357
vt 0.937140 0.733552
vt 0.936867 0.734330
vt 0.937074 0.733849
vt 0.937022 0.733988
vt 0.937114 0.733708
vt 0.937001 0.734138
vt 0.936922 0.734390
vt 0.937218 0.733906
vt 0.937154 0.734065
vt 0.937268 0.733567
vt 0.937256 0.733743
vt 0.937136 0.734215
vt 0.937236 0.733372
vt 0.937356 0.734217
vt 0.937260 0.734326
vt 0.937513 0.733768
vt 0.937461 0.733997
vt 0.937491 0.733528
vt 0.936969 0.734459
vt 0.937791 0.734674
vt 0.937726 0.734083
vt 0.937386 0.733281
vt 0.937669 0.733450
vt 0.937360 0.734950
vt 0.937187 0.735087
vt 0.936977 0.734549
vt 0.937763 0.733753
vt 0.938181 0.734195
vt 0.938139 0.733647
vt 0.937465 0.733202
vt 0.937872 0.733258
vt 0.937293 0.735946
vt 0.936707 0.735762
vt 0.938577 0.733395
vt 0.937615 0.732899
vt 0.937174 0.737788
vt 0.938261 0.736639
vt 0.942184 0.740811
vt 0.938805 0.733774
vt 0.938470 0.733972
vt 0.938107 0.732908
vt 0.937236 0.735326
vt 0.937048 0.735186
vt 0.937389 0.735257
vt 0.937292 0.735411
vt 0.940631 0.734749
vt 0.939838 0.733701
vt 0.938251 0.736380
vt 0.937578 0.735660
vt 0.938221 0.735674
vt 0.936756 0.736209
vt 0.936331 0.736193
vt 0.936445 0.735768
vt 0.937555 0.735547
vt 0.937481 0.735866
vt 0.937051 0.735622
vt 0.937609 0.735317
vt 0.938853 0.734341
vt 0.938876 0.734424
vt 0.939337 0.735505
vt 0.938817 0.734490
vt 0.938543 0.735123
vt 0.938729 0.734486
vt 0.938282 0.734227
vt 0.938671 0.734428
vt 0.938668 0.734361
vt 0.938705 0.734316
vt 0.938772 0.734311
vt 0.991328 0.705781
vt 0.938818 0.724599
vt 0.951502 0.676134
vt 0.991328 0.757484
vt 0.944680 0.735396
vt 0.935355 0.741459
vt 0.959567 0.783775
vt 0.918957 0.782910
vt 0.928183 0.723117
vt 0.936405 0.738044
vt 0.936562 0.736301
vt 0.938040 0.736544
vt 0.936739 0.737549
vt 0.938094 0.735536
vt 0.938244 0.735541
vt 0.936747 0.736242
vt 0.937311 0.735964
vt 0.937630 0.735448
vt 0.937575 0.735544
vt 0.602097 0.797519
vt 0.633546 0.781794
vt 0.633546 0.939037
vt 0.954903 0.816300
vt 0.953384 0.852873
vt 0.955184 0.825423
vt 0.952318 0.852813
vt 0.953602 0.825334
vt 0.952818 0.853427
vt 0.954225 0.828377
vt 0.952883 0.852275
vt 0.952173 0.883390
vt 0.950106 0.883273
vt 0.951134 0.883421
vt 0.949545 0.911733
vt 0.951142 0.883278
vt 0.948717 0.911542
vt 0.950389 0.911636
vt 0.948226 0.935209
vt 0.949577 0.911153
vt 0.949293 0.932770
vt 0.947440 0.932666
vt 0.946919 0.958490
vt 0.948563 0.929223
vt 0.955184 0.940009
vt 0.940776 0.939200
vt 0.911669 0.809118
vt 0.913112 0.861191
vt 0.907876 0.827856
vt 0.912453 0.861205
vt 0.916259 0.827677
vt 0.912807 0.862340
vt 0.912216 0.834714
vt 0.912761 0.860220
vt 0.914892 0.899637
vt 0.912318 0.899692
vt 0.913608 0.899817
vt 0.914374 0.935665
vt 0.913603 0.899595
vt 0.913208 0.935274
vt 0.915523 0.935225
vt 0.915166 0.972714
vt 0.914354 0.934711
vt 0.913590 0.961437
vt 0.916259 0.961380
vt 0.914961 0.963101
vt 0.914825 0.956729
vt 0.914770 0.961265
vt 0.915073 0.961259
vt 0.350187 0.965189
vt 0.917550 0.551071
vt 0.366372 0.720897
vt 0.543634 0.543633
vt 0.937137 0.732612
vt 0.937010 0.733331
vt 0.937577 0.733072
vt 0.908196 0.688924
vt 0.948479 0.930704
vt 0.914889 0.959758
s 1
usemtl マテリアル
f 36/1/1 7/2/2 3/3/3
f 65/4/4 5/5/5 2/6/6
f 7/2/2 65/4/4 3/3/3
f 5/5/5 1/7/7 2/6/6
f 11/8/8 6/9/9 7/2/2
f 9/10/10 4/11/11 5/5/5
f 36/12/1 11/8/8 7/2/2
f 10/13/12 5/5/5 6/9/9
f 15/14/13 10/13/12 11/8/8
f 13/15/14 8/16/15 9/10/10
f 36/17/1 15/14/13 11/8/8
f 14/18/16 9/10/10 10/13/12
f 36/19/1 19/20/17 15/14/13
f 18/21/18 13/15/14 14/18/16
f 19/20/17 14/18/16 15/14/13
f 17/22/19 12/23/20 13/15/14
f 22/24/21 17/22/19 18/21/18
f 23/25/22 18/21/18 19/20/17
f 21/26/23 16/27/24 17/22/19
f 36/28/1 23/25/22 19/20/17
f 23/25/22 26/29/25 22/24/21
f 25/30/26 20/31/27 21/26/23
f 36/32/1 27/33/28 23/25/22
f 22/24/21 25/30/26 21/26/23
f 29/34/29 24/35/30 25/30/26
f 36/36/1 31/37/31 27/33/28
f 26/29/25 29/34/29 25/30/26
f 27/33/28 30/38/32 26/29/25
f 36/39/1 35/40/33 31/37/31
f 30/38/32 33/41/34 29/34/29
f 35/40/33 30/38/32 31/37/31
f 33/41/34 28/42/35 29/34/29
f 35/40/33 39/43/36 34/44/37
f 38/45/38 32/46/39 33/41/34
f 36/47/1 40/48/40 35/40/33
f 39/43/36 33/41/34 34/44/37
f 40/48/40 43/49/41 39/43/36
f 42/50/42 37/51/43 38/45/38
f 36/52/1 44/53/44 40/48/40
f 39/43/36 42/50/42 38/45/38
f 36/54/1 48/55/45 44/53/44
f 43/49/41 46/56/46 42/50/42
f 48/55/45 43/49/41 44/53/44
f 46/56/46 41/57/47 42/50/42
f 36/58/1 52/59/48 48/55/45
f 47/60/49 50/61/50 46/56/46
f 52/59/48 47/60/49 48/55/45
f 50/61/50 45/62/51 46/56/46
f 56/63/52 51/64/53 52/65/48
f 54/66/54 49/67/55 50/68/50
f 36/69/1 56/63/52 52/65/48
f 51/64/53 54/66/54 50/68/50
f 60/70/56 55/71/57 56/63/52
f 58/72/58 53/73/59 54/66/54
f 36/74/1 60/70/56 56/63/52
f 55/71/57 58/72/58 54/66/54
f 36/75/1 64/76/60 60/70/56
f 59/77/61 62/78/62 58/72/58
f 60/70/56 63/79/63 59/77/61
f 62/78/62 57/80/64 58/72/58
f 63/79/63 2/6/6 62/78/62
f 3/3/3 63/79/63 64/76/60
f 2/6/6 61/81/65 62/78/62
f 36/82/1 3/3/3 64/76/60
f 101/1/66 72/3/67 71/2/68
f 130/4/69 69/5/70 70/9/71
f 130/4/69 71/2/72 72/3/73
f 66/83/74 69/5/70 67/6/75
f 70/9/71 76/8/76 71/2/72
f 68/84/77 74/10/78 69/5/70
f 101/12/66 71/2/68 76/8/79
f 69/5/70 75/13/80 70/9/71
f 76/8/76 79/18/81 80/14/82
f 73/16/83 78/15/84 74/10/78
f 101/17/66 76/8/79 80/14/85
f 74/10/78 79/18/81 75/13/80
f 101/19/66 80/14/85 84/20/86
f 79/18/81 82/22/87 83/21/88
f 79/18/81 84/20/89 80/14/82
f 77/23/90 82/22/87 78/15/84
f 82/22/87 87/24/91 83/21/88
f 83/21/88 88/25/92 84/20/89
f 81/85/93 86/26/94 82/22/87
f 101/28/66 84/20/86 88/25/95
f 87/24/91 92/33/96 88/25/92
f 85/86/97 90/30/98 86/26/94
f 101/32/66 88/25/95 92/33/99
f 86/26/94 91/29/100 87/24/91
f 89/35/101 94/34/102 90/30/98
f 101/36/66 92/33/99 96/37/103
f 90/30/98 95/38/104 91/29/100
f 91/29/100 96/37/105 92/33/96
f 101/39/66 96/37/103 100/40/106
f 95/38/104 98/87/107 99/44/108
f 96/37/105 99/44/108 100/40/109
f 93/42/110 98/87/107 94/34/102
f 99/44/108 105/48/111 100/40/109
f 97/88/112 103/45/113 98/87/107
f 101/47/66 100/40/106 105/48/114
f 98/87/107 104/43/115 99/44/108
f 105/48/111 108/49/116 109/53/117
f 102/89/118 107/90/119 103/45/113
f 101/52/66 105/48/114 109/53/120
f 104/43/115 107/90/119 108/49/116
f 101/54/66 109/53/120 113/55/121
f 108/49/116 111/56/122 112/60/123
f 108/49/116 113/55/124 109/53/117
f 106/57/125 111/56/122 107/90/119
f 101/58/66 113/55/121 117/59/126
f 112/60/123 115/61/127 116/91/128
f 112/60/123 117/59/129 113/55/124
f 110/62/130 115/61/127 111/56/122
f 116/64/128 121/63/131 117/65/129
f 114/92/132 119/66/133 115/68/127
f 101/69/66 117/65/126 121/63/134
f 116/64/128 119/66/133 120/71/135
f 120/71/135 125/70/136 121/63/131
f 118/93/137 123/72/138 119/66/133
f 101/74/66 121/63/134 125/70/139
f 119/66/133 124/77/140 120/71/135
f 101/75/66 125/70/139 129/76/141
f 124/77/140 127/94/142 128/79/143
f 125/70/136 128/79/143 129/76/144
f 122/80/145 127/94/142 123/72/138
f 128/79/143 67/6/75 130/4/69
f 128/79/143 72/3/73 129/76/144
f 126/95/146 67/6/75 127/94/142
f 101/82/66 129/76/141 72/3/67
f 20/31/147 81/85/148 16/27/148
f 41/57/149 102/89/150 37/51/150
f 24/35/151 85/86/147 20/31/147
f 32/46/152 93/42/153 28/42/153
f 16/27/148 77/23/154 12/23/154
f 12/23/154 73/16/155 8/16/155
f 8/16/155 68/84/156 4/11/156
f 1/7/157 68/84/156 66/83/157
f 1/7/157 126/95/158 61/81/158
f 37/51/150 97/88/152 32/46/152
f 61/81/158 122/80/159 57/80/159
f 28/42/153 89/35/151 24/35/151
f 57/80/159 118/93/160 53/73/160
f 53/73/160 114/92/161 49/67/161
f 45/62/162 114/96/161 110/62/162
f 45/62/162 106/57/149 41/57/149
f 163/97/66 182/98/66 164/99/66
f 134/100/1 176/101/1 173/100/1
f 138/102/1 176/101/1 136/101/1
f 132/103/1 173/100/1 174/103/1
f 132/103/1 140/104/1 136/101/1
f 138/102/1 178/104/1 177/102/1
f 165/105/66 182/98/66 183/106/66
f 133/107/66 137/108/66 141/109/66
f 148/110/163 160/111/164 159/112/164
f 147/113/165 159/112/166 158/114/166
f 146/115/167 158/114/168 157/116/168
f 145/117/169 157/116/170 156/118/170
f 144/119/171 156/118/172 155/120/172
f 143/121/173 155/120/174 160/122/174
f 154/123/175 143/124/163 148/110/163
f 153/125/176 148/110/165 147/113/165
f 152/126/177 147/113/167 146/115/167
f 151/127/178 146/115/169 145/117/169
f 150/128/179 145/117/171 144/119/171
f 149/129/180 144/119/173 143/121/173
f 172/130/181 155/120/174 167/131/181
f 155/120/172 168/132/182 167/131/182
f 156/118/170 169/133/183 168/132/183
f 169/133/184 158/114/168 170/134/184
f 158/114/166 171/135/185 170/134/185
f 159/112/164 172/136/186 171/135/186
f 166/137/187 149/138/175 154/123/175
f 165/105/188 154/123/176 153/125/176
f 164/99/189 153/125/177 152/126/177
f 163/97/190 152/126/178 151/127/178
f 162/139/191 151/127/179 150/128/179
f 161/140/192 150/128/180 149/129/180
f 141/109/66 185/141/66 131/141/66
f 167/131/1 196/130/1 172/130/1
f 171/135/1 193/134/1 170/134/1
f 168/132/1 187/142/1 167/131/1
f 172/136/1 195/135/1 171/135/1
f 133/107/66 188/143/66 135/144/66
f 174/145/193 180/146/193 175/140/193
f 173/147/194 181/148/194 180/146/194
f 176/149/195 182/98/195 181/148/195
f 177/150/196 183/106/196 182/98/196
f 178/151/197 184/152/197 183/106/197
f 179/153/198 175/154/198 184/152/198
f 166/137/66 175/154/66 161/154/66
f 162/139/66 181/148/66 163/97/66
f 165/105/66 184/152/66 166/137/66
f 132/103/1 179/155/1 142/155/1
f 162/139/66 175/140/66 180/146/66
f 140/104/1 179/155/1 178/104/1
f 194/156/199 196/136/199 185/157/199
f 193/134/200 194/156/200 192/158/200
f 191/133/201 192/158/201 190/159/201
f 188/160/202 191/133/202 190/159/202
f 187/142/203 188/160/203 186/161/203
f 196/130/204 186/161/204 185/162/204
f 170/134/1 191/133/1 169/133/1
f 139/163/66 194/109/66 141/109/66
f 137/108/66 192/163/66 139/163/66
f 131/141/66 186/107/66 133/107/66
f 169/133/1 189/132/1 168/132/1
f 135/144/66 190/164/66 137/108/66
f 229/165/205 267/166/205 281/167/205
f 306/168/206 268/169/206 327/170/206
f 241/171/207 269/172/207 285/173/207
f 331/174/208 266/175/208 351/176/208
f 243/177/66 307/178/66 323/179/66
f 242/180/1 331/181/1 347/182/1
f 226/183/1 337/184/1 341/185/1
f 227/186/66 313/187/66 317/188/66
f 225/189/207 270/190/207 279/191/207
f 235/192/205 271/193/205 283/194/205
f 232/195/207 272/196/207 280/197/207
f 230/198/66 314/199/66 319/200/66
f 229/201/1 338/202/1 343/203/1
f 226/204/205 273/205/205 278/206/205
f 242/207/205 274/208/205 284/209/205
f 235/210/1 339/211/1 345/212/1
f 236/213/66 315/214/66 321/215/66
f 238/216/207 275/217/207 282/218/207
f 239/219/66 334/220/66 344/221/66
f 347/182/207 358/211/207 339/211/207
f 318/222/205 369/223/205 309/224/205
f 234/225/66 333/226/66 342/227/66
f 228/228/66 332/229/66 340/230/66
f 308/231/205 373/232/205 320/232/205
f 244/233/1 312/234/1 322/235/1
f 245/236/66 336/237/66 346/238/66
f 312/239/208 276/240/208 326/241/208
f 335/242/206 277/243/206 350/244/206
f 338/202/207 364/203/207 343/203/207
f 222/245/66 340/230/66 333/226/66
f 206/246/205 278/206/205 271/193/205
f 212/247/207 279/191/207 272/196/207
f 210/248/66 317/188/66 314/199/66
f 209/249/1 341/185/1 338/202/1
f 217/250/66 342/227/66 330/251/66
f 218/252/1 318/222/1 306/253/1
f 200/254/1 343/203/1 335/255/1
f 203/256/66 319/200/66 311/257/66
f 204/258/207 280/197/207 268/169/207
f 209/259/205 281/167/205 273/205/205
f 316/260/205 368/231/205 308/231/205
f 221/261/66 344/221/66 332/229/66
f 208/262/207 282/218/207 270/190/207
f 207/263/66 321/215/66 313/187/66
f 206/264/1 345/212/1 337/184/1
f 215/265/205 283/194/205 274/208/205
f 223/266/66 346/238/66 334/220/66
f 244/233/206 367/182/206 347/182/206
f 198/267/205 284/209/205 266/268/205
f 215/269/1 347/182/1 339/211/1
f 216/270/66 323/179/66 315/214/66
f 214/271/207 285/173/207 275/217/207
f 294/272/209 265/273/209 304/274/209
f 246/275/210 303/276/210 305/277/210
f 254/278/210 302/279/210 293/280/210
f 289/281/209 262/282/209 301/283/209
f 292/284/210 261/285/210 300/286/210
f 248/287/209 299/288/209 287/289/209
f 252/290/209 298/291/209 291/292/209
f 290/293/210 258/294/210 297/295/210
f 348/296/211 296/297/211 353/298/211
f 324/299/212 295/300/212 329/301/212
f 301/283/209 255/302/209 294/272/209
f 264/303/210 293/280/210 303/276/210
f 297/295/210 253/304/210 292/284/210
f 260/305/209 291/292/209 299/288/209
f 263/306/210 290/293/210 302/279/210
f 259/307/209 289/281/209 298/291/209
f 352/308/212 246/309/212 305/310/212
f 304/274/209 249/311/209 288/312/209
f 328/313/211 248/287/211 287/289/211
f 300/286/210 247/314/210 286/315/210
f 275/217/213 265/273/213 255/302/213
f 246/275/214 284/209/214 264/303/214
f 254/278/214 283/194/214 263/306/214
f 270/190/213 262/282/213 250/316/213
f 273/205/214 261/285/214 253/304/214
f 248/287/213 280/197/213 260/305/213
f 252/290/213 279/191/213 259/307/213
f 271/193/214 258/294/214 251/317/214
f 348/296/215 277/243/215 257/318/215
f 324/299/216 276/240/216 256/319/216
f 282/218/213 255/302/213 262/282/213
f 264/303/214 274/208/214 254/278/214
f 278/206/214 253/304/214 258/294/214
f 260/305/213 272/196/213 252/290/213
f 263/306/214 271/193/214 251/317/214
f 259/307/213 270/190/213 250/316/213
f 351/176/216 246/309/216 349/320/216
f 285/173/213 249/311/213 265/273/213
f 327/170/215 248/287/215 325/321/215
f 281/167/214 247/314/214 261/285/214
f 300/286/205 199/322/205 231/323/205
f 328/313/206 203/256/206 311/324/206
f 304/274/207 201/325/207 243/177/207
f 352/308/208 197/326/208 336/327/208
f 298/291/207 207/263/207 227/186/207
f 302/279/205 205/328/205 237/329/205
f 299/288/207 210/248/207 230/198/207
f 297/295/205 211/330/205 224/331/205
f 303/276/205 213/332/205 240/333/205
f 301/283/207 216/270/207 236/213/207
f 329/301/208 219/334/208 307/335/208
f 353/298/206 217/336/206 330/337/206
f 290/293/205 224/331/205 205/328/205
f 291/292/207 227/186/207 210/248/207
f 287/289/207 230/198/207 203/256/207
f 292/284/205 231/323/205 211/330/205
f 289/281/207 236/213/207 207/263/207
f 293/280/205 237/329/205 213/332/205
f 305/277/205 240/333/205 197/338/205
f 294/272/207 243/177/207 216/270/207
f 288/312/208 307/335/208 201/325/208
f 296/297/206 311/324/206 217/336/206
f 277/243/215 325/321/215 257/318/215
f 249/311/216 326/241/216 324/299/216
f 296/297/211 325/321/211 328/313/211
f 249/311/212 329/301/212 288/312/212
f 315/214/66 245/236/66 223/266/66
f 310/339/1 241/171/1 214/271/1
f 313/187/66 239/219/66 221/261/66
f 308/231/1 238/216/1 208/262/1
f 311/257/66 234/225/66 217/250/66
f 204/258/1 318/222/1 232/195/1
f 314/199/66 228/228/66 222/245/66
f 212/247/1 316/260/1 225/189/1
f 202/340/208 326/241/208 269/172/208
f 322/235/1 202/340/1 241/171/1
f 316/260/1 208/262/1 225/189/1
f 318/222/1 212/247/1 232/195/1
f 238/216/1 310/339/1 214/271/1
f 321/215/66 223/266/66 239/219/66
f 319/200/66 222/245/66 234/225/66
f 317/188/66 221/261/66 228/228/66
f 323/179/66 219/341/66 245/236/66
f 218/342/206 327/170/206 277/243/206
f 286/315/206 330/337/206 199/322/206
f 295/300/208 336/327/208 219/334/208
f 276/240/216 349/320/216 256/319/216
f 247/314/215 350/244/215 348/296/215
f 295/300/212 349/320/212 352/308/212
f 247/314/211 353/298/211 286/315/211
f 341/185/207 356/202/207 338/202/207
f 334/220/66 240/343/66 213/344/66
f 339/211/207 365/212/207 345/212/207
f 332/229/66 237/345/66 205/346/66
f 335/255/1 233/347/1 218/252/1
f 330/251/66 231/348/66 199/349/66
f 310/339/205 374/235/205 322/235/205
f 333/226/66 224/350/66 211/351/66
f 200/352/206 350/244/206 267/166/206
f 346/238/66 197/353/66 240/343/66
f 340/230/66 205/346/66 224/350/66
f 342/227/66 211/351/66 231/348/66
f 344/221/66 213/344/66 237/345/66
f 322/235/206 366/354/206 244/233/206
f 343/203/208 361/347/208 233/347/208
f 309/224/205 371/355/205 316/260/205
f 244/233/1 331/181/1 220/356/1
f 220/357/208 351/176/208 276/240/208
f 373/232/1 359/358/1 370/359/1
f 361/347/1 369/223/1 372/222/1
f 362/360/1 368/231/1 371/355/1
f 369/223/1 362/360/1 371/355/1
f 368/231/1 360/361/1 373/232/1
f 359/358/1 374/235/1 370/359/1
f 358/211/1 366/354/1 359/358/1
f 354/184/1 360/361/1 355/362/1
f 356/202/1 362/360/1 357/363/1
f 365/212/1 359/358/1 360/361/1
f 364/203/1 357/363/1 361/347/1
f 363/185/1 355/362/1 362/360/1
f 337/184/207 363/185/207 341/185/207
f 233/347/208 372/222/208 318/222/208
f 320/232/205 370/359/205 310/339/205
f 345/212/207 354/184/207 337/184/207
f 375/364/217 381/365/218 383/366/219
f 520/367/220 532/368/221 537/369/222
f 505/370/223 376/371/224 503/372/225
f 493/373/226 381/365/218 494/374/227
f 495/375/228 387/376/229 378/377/230
f 511/378/231 395/379/232 526/380/233
f 529/381/234 485/382/235 513/383/236
f 510/384/237 411/385/238 415/386/239
f 380/387/240 390/388/241 381/365/218
f 386/389/242 397/390/243 387/376/229
f 383/366/219 390/388/241 391/391/244
f 393/392/245 405/393/246 395/379/232
f 391/391/244 401/394/247 402/395/248
f 393/392/245 402/395/248 404/396/249
f 390/388/241 399/397/250 401/394/247
f 404/396/249 414/398/251 405/393/252
f 402/395/248 410/399/253 412/400/254
f 404/396/249 412/400/254 413/401/255
f 401/394/247 408/402/256 410/399/253
f 396/403/257 416/404/258 407/405/259
f 414/398/251 424/406/260 416/404/261
f 412/400/254 422/407/262 413/401/255
f 410/399/253 419/408/263 420/409/264
f 418/410/265 424/406/266 425/411/267
f 413/401/255 423/412/268 414/398/251
f 412/400/254 420/409/264 421/413/269
f 421/413/269 429/414/270 422/407/262
f 419/408/263 427/415/271 420/409/264
f 425/411/267 431/416/272 432/417/273
f 422/407/262 430/418/274 423/412/268
f 420/409/264 428/419/275 421/413/269
f 423/412/268 431/416/276 424/406/260
f 432/417/273 438/420/277 439/421/278
f 429/414/270 437/422/279 430/418/274
f 427/415/271 435/423/280 428/419/275
f 430/418/274 438/420/281 431/416/276
f 428/419/275 436/424/282 429/414/270
f 426/425/283 434/426/284 427/415/271
f 434/426/284 442/427/285 435/423/280
f 437/422/286 445/428/287 438/420/281
f 435/423/280 443/429/288 436/424/282
f 433/430/289 441/431/290 434/426/284
f 439/421/278 445/428/291 446/432/292
f 436/424/282 444/433/293 437/422/279
f 445/428/287 451/434/294 452/435/295
f 443/429/288 449/436/296 450/437/297
f 441/431/290 447/438/298 448/439/299
f 445/428/291 453/440/300 446/432/292
f 444/433/293 450/437/297 451/434/301
f 442/427/285 448/439/299 449/436/296
f 448/439/299 454/441/302 455/442/303
f 452/435/304 460/443/305 453/440/300
f 451/434/301 457/444/306 458/445/307
f 449/436/296 455/442/303 456/446/308
f 452/435/295 458/445/307 459/447/309
f 450/437/297 456/446/308 457/444/306
f 459/447/310 467/448/311 460/443/305
f 458/445/307 464/449/312 465/450/313
f 456/446/308 462/451/314 463/452/315
f 459/447/309 465/450/313 466/453/316
f 457/444/306 463/452/315 464/449/312
f 455/442/303 461/454/317 462/451/314
f 466/453/316 472/455/318 473/456/319
f 464/449/312 470/457/320 471/458/321
f 461/454/317 469/459/322 462/451/314
f 466/453/323 474/460/324 467/448/311
f 465/450/313 471/458/321 472/455/318
f 462/451/314 470/457/320 463/452/315
f 473/456/319 472/455/318 479/461/325
f 470/457/320 478/462/326 471/458/321
f 468/463/327 476/464/328 469/459/322
f 486/465/329 487/466/330 480/467/331
f 472/455/318 478/462/326 479/461/325
f 469/459/322 477/468/332 470/457/320
f 480/467/333 474/460/324 473/456/334
f 479/461/335 484/469/336 485/382/235
f 476/464/328 483/470/337 477/468/332
f 473/456/319 479/461/325 486/465/338
f 477/468/332 484/469/336 478/462/326
f 475/471/339 482/472/340 476/464/328
f 538/473/341 532/368/342 496/474/343
f 482/472/340 490/475/344 483/470/337
f 399/397/345 488/476/345 461/454/345
f 407/405/346 439/421/347 467/448/348
f 525/477/349 522/478/350 507/479/351
f 483/470/337 516/480/352 515/481/353
f 482/472/340 488/476/354 489/482/355
f 487/466/330 491/483/356 492/484/357
f 491/483/356 500/485/358 501/486/359
f 375/364/217 517/487/360 518/488/361
f 489/482/355 493/373/226 494/374/227
f 492/484/357 495/375/228 378/377/230
f 521/489/362 541/490/363 528/491/364
f 489/482/355 375/364/217 490/475/344
f 534/492/365 497/493/366 498/494/367
f 542/495/368 536/496/369 502/497/370
f 499/498/371 542/495/368 501/486/372
f 386/389/242 498/494/373 396/403/374
f 495/375/228 501/486/359 502/497/375
f 529/381/234 499/498/376 485/382/235
f 486/465/377 499/498/378 500/485/379
f 396/403/380 497/493/381 395/379/382
f 495/375/228 496/474/383 386/389/242
f 492/484/357 378/377/230 480/467/384
f 378/377/230 387/376/229 407/405/385
f 387/376/229 397/390/243 407/405/385
f 407/405/346 418/410/386 425/411/387
f 425/411/387 432/417/388 407/405/346
f 432/417/388 439/421/347 407/405/346
f 439/421/347 446/432/389 453/440/390
f 453/440/390 460/443/391 467/448/348
f 467/448/348 474/460/392 480/467/386
f 480/467/384 487/466/330 492/484/357
f 378/377/230 407/405/385 480/467/384
f 439/421/347 453/440/390 467/448/348
f 467/448/348 480/467/386 407/405/346
f 379/499/393 516/480/394 518/488/395
f 382/500/396 518/488/397 517/487/398
f 382/500/399 519/501/400 384/502/401
f 514/503/402 384/502/403 519/501/404
f 513/383/405 385/504/406 514/503/407
f 512/505/408 389/506/409 513/383/410
f 392/507/411 515/481/412 394/508/413
f 377/509/414 515/481/415 516/480/416
f 400/510/417 506/511/418 398/512/419
f 503/372/420 403/513/421 504/514/422
f 505/370/423 403/513/424 507/479/425
f 508/515/426 406/516/427 409/517/428
f 409/517/429 511/378/430 508/515/431
f 415/386/432 509/518/433 510/384/434
f 509/518/435 398/512/436 506/511/437
f 524/519/438 497/493/439 533/520/440
f 383/366/219 393/392/245 509/518/441
f 520/367/442 523/521/442 522/478/442
f 523/521/443 521/489/443 522/478/443
f 524/519/444 527/522/444 526/380/444
f 527/522/445 525/477/445 526/380/445
f 528/491/446 531/523/446 530/524/446
f 531/523/447 529/381/447 530/524/447
f 532/368/448 535/525/448 534/492/448
f 535/525/449 533/520/449 534/492/449
f 536/496/450 539/526/451 538/473/452
f 539/526/453 537/369/454 538/473/455
f 540/527/456 543/528/456 542/495/456
f 543/528/457 541/490/457 542/495/457
f 528/491/458 543/528/459 531/523/460
f 531/523/461 540/527/462 529/381/463
f 537/369/454 523/521/464 520/367/464
f 523/521/465 536/496/450 521/489/466
f 533/520/467 527/522/468 524/519/469
f 535/525/470 525/477/471 527/522/472
f 522/478/350 528/491/364 519/501/473
f 396/403/474 395/379/475 405/393/252
f 405/393/252 414/398/251 416/404/261
f 416/404/258 418/410/265 407/405/259
f 407/405/476 397/390/243 396/403/374
f 396/403/474 405/393/252 416/404/261
f 479/461/325 485/382/477 486/465/338
f 480/467/333 473/456/334 486/465/478
f 545/529/479 560/529/480 544/529/481
f 546/529/482 561/529/483 545/529/479
f 546/529/482 563/529/484 562/529/485
f 547/529/486 564/529/487 563/529/484
f 549/529/488 564/529/487 548/529/489
f 550/529/490 565/529/491 549/529/488
f 550/529/490 567/529/492 566/529/493
f 552/529/494 567/529/492 551/530/495
f 553/529/496 568/529/497 552/529/494
f 553/529/496 570/529/498 569/529/499
f 555/529/500 570/529/498 554/529/501
f 555/529/500 572/529/502 571/529/503
f 557/529/504 572/529/502 556/529/505
f 558/529/506 573/529/507 557/529/504
f 559/530/508 574/529/509 558/529/506
f 544/529/481 575/529/510 559/530/508
f 561/529/483 576/529/511 560/529/480
f 561/529/483 578/529/512 577/529/513
f 562/529/485 579/529/514 578/529/512
f 564/529/487 579/529/514 563/529/484
f 564/529/487 581/529/515 580/529/516
f 566/529/493 581/529/515 565/529/491
f 567/529/492 582/529/517 566/529/493
f 567/529/492 584/529/518 583/529/519
f 569/529/499 584/529/518 568/529/497
f 570/529/498 585/529/520 569/529/499
f 570/529/498 587/529/521 586/529/522
f 572/529/502 587/529/521 571/529/503
f 573/529/507 588/529/523 572/529/502
f 574/529/509 589/529/524 573/529/507
f 574/529/509 591/529/525 590/529/526
f 560/529/480 591/529/525 575/529/510
f 576/529/511 593/529/527 592/529/528
f 577/529/513 594/530/529 593/529/527
f 578/529/512 595/529/530 594/530/529
f 579/529/514 596/529/531 595/529/530
f 580/529/516 597/529/532 596/529/531
f 581/529/515 598/529/533 597/529/532
f 582/529/517 599/529/534 598/529/533
f 584/529/518 599/529/534 583/529/519
f 584/529/518 601/529/535 600/529/536
f 585/529/520 602/529/537 601/529/535
f 587/529/521 602/529/537 586/529/522
f 587/529/521 604/529/538 603/529/539
f 588/529/523 605/529/540 604/529/538
f 590/529/526 605/529/540 589/529/524
f 591/529/525 606/530/541 590/529/526
f 576/529/511 607/529/542 591/529/525
f 592/529/528 609/529/543 608/530/544
f 594/530/529 609/529/543 593/529/527
f 594/530/529 611/529/545 610/529/546
f 596/529/531 611/529/545 595/529/530
f 597/529/532 612/529/547 596/529/531
f 598/529/533 613/530/548 597/529/532
f 599/529/534 614/529/549 598/529/533
f 600/529/536 615/529/550 599/529/534
f 600/529/536 617/529/551 616/529/552
f 602/529/537 617/529/551 601/529/535
f 602/529/537 619/530/553 618/529/554
f 603/529/539 620/529/555 619/530/553
f 604/529/538 621/529/556 620/529/555
f 606/530/541 621/529/556 605/529/540
f 606/530/541 623/529/557 622/529/558
f 592/529/528 623/529/557 607/529/542
f 609/529/543 624/529/559 608/530/544
f 609/529/543 626/529/560 625/529/561
f 611/529/545 626/529/560 610/529/546
f 612/529/547 627/529/562 611/529/545
f 612/529/547 629/529/563 628/529/564
f 614/529/549 629/529/563 613/530/548
f 615/529/550 630/529/565 614/529/549
f 616/529/552 631/529/566 615/529/550
f 617/529/551 632/529/567 616/529/552
f 618/529/554 633/529/568 617/529/551
f 618/529/554 635/529/569 634/530/570
f 620/529/555 635/529/569 619/530/553
f 620/529/555 637/529/571 636/529/572
f 622/529/558 637/529/571 621/529/556
f 623/529/557 638/529/573 622/529/558
f 623/529/557 624/529/559 639/529/574
f 625/529/561 640/529/575 624/529/559
f 626/529/560 641/529/576 625/529/561
f 626/529/560 643/529/577 642/530/578
f 627/529/562 644/529/579 643/529/577
f 629/529/563 644/529/579 628/529/564
f 630/529/565 645/529/580 629/529/563
f 631/529/566 646/529/581 630/529/565
f 631/529/566 648/529/582 647/530/583
f 632/529/567 649/529/584 648/529/582
f 633/529/568 650/529/585 649/529/584
f 635/529/569 650/529/585 634/530/570
f 635/529/569 652/529/586 651/529/587
f 637/529/571 652/529/586 636/529/572
f 638/529/573 653/529/588 637/529/571
f 638/529/573 655/529/589 654/529/590
f 639/529/574 640/529/575 655/529/589
f 640/529/591 657/529/592 656/529/591
f 642/530/593 657/529/592 641/529/592
f 643/529/594 658/529/595 642/530/593
f 644/529/596 659/529/594 643/529/594
f 645/529/597 660/529/596 644/529/596
f 646/529/598 661/529/597 645/529/597
f 646/529/598 663/529/599 662/529/598
f 647/530/600 664/529/601 663/529/599
f 649/529/602 664/529/601 648/529/601
f 649/529/602 666/529/603 665/529/602
f 651/529/604 666/529/603 650/529/603
f 652/529/605 667/529/604 651/529/604
f 653/529/606 668/529/605 652/529/605
f 653/529/606 670/529/607 669/529/606
f 655/529/608 670/529/607 654/529/607
f 640/529/591 671/529/608 655/529/608
f 656/529/609 673/529/610 672/529/609
f 658/529/611 673/529/610 657/529/610
f 659/529/612 674/529/611 658/529/611
f 659/529/612 676/529/613 675/529/612
f 661/529/614 676/529/613 660/529/613
f 661/529/614 678/529/615 677/529/614
f 662/529/615 679/529/616 678/529/615
f 664/529/617 679/529/616 663/529/616
f 664/529/617 681/529/618 680/530/617
f 665/529/618 682/529/619 681/529/618
f 667/529/620 682/529/619 666/529/619
f 667/529/620 684/529/621 683/529/620
f 669/529/622 684/529/621 668/529/621
f 669/529/622 686/529/623 685/529/624
f 671/529/625 686/529/623 670/529/623
f 656/529/609 687/529/626 671/529/625
f 672/529/627 689/529/628 688/529/627
f 674/529/629 689/529/628 673/529/630
f 674/529/629 691/529/631 690/529/629
f 675/529/631 692/529/632 691/529/631
f 677/529/633 692/529/632 676/529/632
f 678/529/634 693/529/635 677/529/633
f 679/529/636 694/529/634 678/529/634
f 679/529/636 696/529/637 695/529/636
f 681/529/638 696/529/637 680/530/637
f 682/529/639 697/529/640 681/529/638
f 683/529/641 698/529/639 682/529/639
f 683/529/641 700/529/642 699/529/641
f 685/529/643 700/529/642 684/529/642
f 685/529/643 702/529/644 701/529/643
f 687/529/645 702/529/644 686/529/644
f 672/529/627 703/529/645 687/529/645
f 721/529/628 704/529/627 720/529/646
f 722/529/629 705/529/630 721/529/628
f 722/529/629 707/529/631 706/529/629
f 723/529/631 708/529/632 707/529/631
f 724/529/632 709/529/633 708/529/632
f 725/529/635 710/529/634 709/529/633
f 726/529/634 711/529/636 710/529/634
f 728/529/637 711/529/636 727/529/636
f 728/529/637 713/529/638 712/529/637
f 729/529/647 714/529/639 713/529/638
f 731/529/641 714/529/639 730/529/639
f 732/529/642 715/529/641 731/529/641
f 732/529/642 717/529/643 716/529/642
f 734/529/644 717/529/643 733/529/643
f 735/529/645 718/529/644 734/529/644
f 735/529/645 704/529/627 719/530/645
f 737/529/479 720/529/481 736/529/481
f 737/529/479 722/529/482 721/529/479
f 739/529/486 722/529/482 738/529/482
f 739/529/486 724/529/489 723/529/486
f 741/529/488 724/529/489 740/529/489
f 742/529/490 725/529/488 741/529/488
f 742/529/490 727/529/495 726/529/490
f 744/529/494 727/529/495 743/529/495
f 745/529/496 728/529/494 744/529/494
f 745/529/496 730/529/501 729/529/496
f 747/529/500 730/529/501 746/529/501
f 748/530/505 731/529/500 747/529/500
f 748/530/505 733/529/504 732/529/505
f 749/529/648 734/529/506 733/529/504
f 750/529/506 735/529/508 734/529/506
f 751/529/508 720/529/481 735/529/508
f 752/529/627 737/529/649 736/529/646
f 753/529/628 738/529/629 737/529/649
f 754/529/629 739/529/631 738/529/629
f 755/529/631 740/529/632 739/529/631
f 757/529/635 740/529/632 756/529/632
f 757/529/635 742/529/634 741/529/635
f 758/529/634 743/529/636 742/529/634
f 760/529/650 743/529/636 759/529/636
f 761/529/640 744/529/637 760/529/650
f 762/529/639 745/529/638 761/529/640
f 763/529/641 746/529/639 762/529/639
f 764/529/642 747/529/641 763/529/641
f 764/529/642 749/529/643 748/530/642
f 766/529/644 749/529/643 765/529/643
f 767/529/645 750/529/644 766/529/644
f 767/529/645 736/529/646 751/529/645
f 769/529/651 752/529/652 768/529/653
f 769/529/651 754/529/654 753/529/655
f 770/529/656 755/529/657 754/529/654
f 772/530/658 755/529/657 771/529/659
f 773/529/660 756/529/661 772/530/658
f 773/529/660 758/529/662 757/529/663
f 774/529/664 759/529/665 758/529/662
f 776/529/666 759/529/665 775/529/667
f 777/529/668 760/529/669 776/529/666
f 777/529/668 762/529/670 761/529/671
f 779/529/672 762/529/670 778/529/673
f 779/529/672 764/529/674 763/529/675
f 780/529/676 765/529/677 764/529/674
f 782/529/678 765/529/677 781/529/679
f 782/529/678 767/529/680 766/529/681
f 768/529/653 767/529/680 783/529/682
f 785/530/683 768/529/653 784/529/684
f 785/530/683 770/529/656 769/529/651
f 786/529/685 771/529/659 770/529/656
f 788/529/686 771/529/659 787/529/687
f 788/529/686 773/529/660 772/530/658
f 790/529/688 773/529/660 789/529/689
f 790/529/688 775/529/667 774/529/664
f 791/529/690 776/529/666 775/529/667
f 793/529/691 776/529/666 792/529/692
f 793/529/691 778/529/673 777/529/668
f 795/529/693 778/529/673 794/529/694
f 795/529/693 780/529/676 779/529/672
f 796/529/695 781/529/679 780/529/676
f 798/529/696 781/529/679 797/529/697
f 798/529/696 783/529/682 782/529/678
f 799/529/698 768/529/653 783/529/682
f 801/529/699 784/529/684 800/529/700
f 801/529/699 786/529/685 785/530/683
f 802/529/701 787/529/687 786/529/685
f 803/529/702 788/529/686 787/529/687
f 804/529/703 789/529/689 788/529/686
f 806/529/704 789/529/689 805/529/705
f 807/529/706 790/529/688 806/529/704
f 808/529/707 791/529/690 807/529/706
f 809/529/708 792/529/692 808/529/707
f 809/529/708 794/529/694 793/529/691
f 811/529/709 794/529/694 810/529/710
f 812/529/711 795/529/693 811/529/709
f 812/529/711 797/529/697 796/529/695
f 814/529/712 797/529/697 813/529/713
f 815/529/714 798/529/696 814/529/712
f 815/529/714 784/529/684 799/529/698
f 816/529/715 801/529/699 800/529/700
f 818/529/716 801/529/699 817/529/717
f 819/529/718 802/529/701 818/529/716
f 820/529/719 803/529/702 819/529/718
f 820/529/719 805/529/705 804/529/703
f 821/529/720 806/529/704 805/529/705
f 822/529/721 807/529/706 806/529/704
f 824/530/722 807/529/706 823/529/723
f 825/529/724 808/529/707 824/530/722
f 826/529/725 809/529/708 825/529/724
f 826/529/725 811/529/709 810/529/710
f 828/530/726 811/529/709 827/529/727
f 828/530/726 813/529/713 812/529/711
f 830/529/728 813/529/713 829/529/729
f 831/529/730 814/529/712 830/529/728
f 816/529/715 815/529/714 831/529/730
f 832/529/731 817/529/732 816/529/731
f 833/529/732 818/529/733 817/529/732
f 835/529/734 818/529/733 834/530/733
f 835/529/734 820/529/735 819/529/734
f 837/529/736 820/529/735 836/530/735
f 838/529/737 821/529/736 837/529/736
f 839/530/738 822/529/737 838/529/737
f 840/529/739 823/529/740 839/530/738
f 840/529/739 825/529/741 824/530/739
f 842/529/742 825/529/741 841/529/741
f 842/529/742 827/529/743 826/529/742
f 844/529/744 827/529/743 843/530/743
f 844/529/744 829/529/745 828/530/744
f 846/529/746 829/529/745 845/529/745
f 847/530/747 830/529/746 846/529/746
f 832/529/731 831/529/747 847/530/747
f 689/529/748 704/529/748 688/529/748
f 690/529/748 705/529/748 689/529/748
f 690/529/748 707/529/748 706/529/748
f 691/529/748 708/529/748 707/529/748
f 693/529/748 708/529/748 692/529/748
f 693/529/748 710/529/748 709/529/748
f 694/529/748 711/529/748 710/529/748
f 696/529/748 711/529/748 695/529/748
f 697/529/748 712/529/748 696/529/748
f 697/529/748 714/529/748 713/529/748
f 699/529/748 714/529/748 698/529/748
f 699/529/748 716/529/748 715/529/748
f 700/529/748 717/529/748 716/529/748
f 702/529/748 717/529/748 701/529/748
f 702/529/748 719/530/748 718/529/748
f 703/529/748 704/529/748 719/530/748
f 848/531/749 545/529/749 544/529/749
f 848/531/749 546/529/749 545/529/749
f 848/531/749 547/529/749 546/529/749
f 848/531/749 548/529/749 547/529/749
f 848/531/749 549/529/749 548/529/749
f 848/531/749 550/529/749 549/529/749
f 848/531/749 551/530/749 550/529/749
f 848/531/749 552/529/749 551/530/749
f 848/531/749 553/529/749 552/529/749
f 848/531/749 554/529/749 553/529/749
f 848/531/749 555/529/749 554/529/749
f 848/531/749 556/529/749 555/529/749
f 848/531/749 557/529/749 556/529/749
f 848/531/749 558/529/749 557/529/749
f 848/531/749 559/530/749 558/529/749
f 848/531/749 544/529/749 559/530/749
f 849/531/748 832/529/748 833/529/748
f 849/531/748 833/529/748 834/530/748
f 849/531/748 834/530/748 835/529/748
f 849/531/748 835/529/748 836/530/748
f 849/531/748 836/530/748 837/529/748
f 849/531/748 837/529/748 838/529/748
f 849/531/748 838/529/748 839/530/748
f 849/531/748 839/530/748 840/529/748
f 849/531/748 840/529/748 841/529/748
f 849/531/748 841/529/748 842/529/748
f 849/531/748 842/529/748 843/530/748
f 849/531/748 843/530/748 844/529/748
f 849/531/748 844/529/748 845/529/748
f 849/531/748 845/529/748 846/529/748
f 849/531/748 846/529/748 847/530/748
f 849/531/748 847/530/748 832/529/748
f 850/532/750 857/533/751 853/534/752
f 855/535/753 850/532/754 851/536/755
f 856/537/756 851/536/757 852/538/758
f 853/534/759 856/537/760 852/538/761
f 854/539/762 861/540/763 857/533/764
f 859/541/765 854/539/766 855/535/767
f 860/542/768 855/535/769 856/537/770
f 857/533/771 860/542/772 856/537/773
f 862/543/774 861/540/775 858/544/776
f 859/541/777 862/543/778 858/544/779
f 860/542/780 863/545/781 859/541/782
f 865/546/783 860/542/784 861/540/785
f 866/547/786 865/546/787 862/543/788
f 863/545/789 866/547/790 862/543/791
f 864/548/792 867/549/793 863/545/794
f 869/550/795 864/548/796 865/546/797
f 870/551/798 869/550/799 866/547/800
f 867/549/801 870/551/802 866/547/803
f 868/552/804 871/553/805 867/549/806
f 873/554/807 868/552/808 869/550/809
f 874/555/810 881/556/811 877/557/812
f 879/558/813 874/555/814 875/559/815
f 880/560/816 875/559/817 876/561/818
f 877/557/819 880/560/820 876/561/821
f 878/562/822 885/563/823 881/556/824
f 883/564/825 878/562/826 879/558/827
f 884/565/828 879/558/829 880/560/830
f 881/556/831 884/565/832 880/560/833
f 886/566/834 885/563/835 882/567/836
f 883/564/837 886/566/838 882/567/839
f 884/565/840 887/568/841 883/564/842
f 889/569/843 884/565/844 885/563/845
f 890/570/846 889/569/847 886/566/848
f 887/568/849 890/570/850 886/566/851
f 888/571/852 891/572/853 887/568/854
f 893/573/855 888/571/856 889/569/857
f 894/574/858 893/573/859 890/570/860
f 891/572/861 894/574/862 890/570/863
f 892/575/864 895/576/865 891/572/866
f 897/577/867 892/575/868 893/573/869
f 65/4/4 6/9/9 5/5/5
f 7/2/2 6/9/9 65/4/4
f 5/5/5 4/11/11 1/7/7
f 11/8/8 10/13/12 6/9/9
f 9/10/10 8/16/15 4/11/11
f 10/13/12 9/10/10 5/5/5
f 15/14/13 14/18/16 10/13/12
f 13/15/14 12/23/20 8/16/15
f 14/18/16 13/15/14 9/10/10
f 18/21/18 17/22/19 13/15/14
f 19/20/17 18/21/18 14/18/16
f 17/22/19 16/27/24 12/23/20
f 22/24/21 21/26/23 17/22/19
f 23/25/22 22/24/21 18/21/18
f 21/26/23 20/31/27 16/27/24
f 23/25/22 27/33/28 26/29/25
f 25/30/26 24/35/30 20/31/27
f 22/24/21 26/29/25 25/30/26
f 29/34/29 28/42/35 24/35/30
f 26/29/25 30/38/32 29/34/29
f 27/33/28 31/37/31 30/38/32
f 30/38/32 34/44/37 33/41/34
f 35/40/33 34/44/37 30/38/32
f 33/41/34 32/46/39 28/42/35
f 35/40/33 40/48/40 39/43/36
f 38/45/38 37/51/43 32/46/39
f 39/43/36 38/45/38 33/41/34
f 40/48/40 44/53/44 43/49/41
f 42/50/42 41/57/47 37/51/43
f 39/43/36 43/49/41 42/50/42
f 43/49/41 47/60/49 46/56/46
f 48/55/45 47/60/49 43/49/41
f 46/56/46 45/62/51 41/57/47
f 47/60/49 51/91/53 50/61/50
f 52/59/48 51/91/53 47/60/49
f 50/61/50 49/578/55 45/62/51
f 56/63/52 55/71/57 51/64/53
f 54/66/54 53/73/59 49/67/55
f 51/64/53 55/71/57 54/66/54
f 60/70/56 59/77/61 55/71/57
f 58/72/58 57/80/64 53/73/59
f 55/71/57 59/77/61 58/72/58
f 59/77/61 63/79/63 62/78/62
f 60/70/56 64/76/60 63/79/63
f 62/78/62 61/81/65 57/80/64
f 63/79/63 65/4/4 2/6/6
f 3/3/3 65/4/4 63/79/63
f 2/6/6 1/7/7 61/81/65
f 130/4/69 67/6/75 69/5/70
f 130/4/69 70/9/71 71/2/72
f 66/83/74 68/84/77 69/5/70
f 70/9/71 75/13/80 76/8/76
f 68/84/77 73/16/83 74/10/78
f 69/5/70 74/10/78 75/13/80
f 76/8/76 75/13/80 79/18/81
f 73/16/83 77/23/90 78/15/84
f 74/10/78 78/15/84 79/18/81
f 79/18/81 78/15/84 82/22/87
f 79/18/81 83/21/88 84/20/89
f 77/23/90 81/85/93 82/22/87
f 82/22/87 86/26/94 87/24/91
f 83/21/88 87/24/91 88/25/92
f 81/85/93 85/86/97 86/26/94
f 87/24/91 91/29/100 92/33/96
f 85/86/97 89/35/101 90/30/98
f 86/26/94 90/30/98 91/29/100
f 89/35/101 93/42/110 94/34/102
f 90/30/98 94/34/102 95/38/104
f 91/29/100 95/38/104 96/37/105
f 95/38/104 94/34/102 98/87/107
f 96/37/105 95/38/104 99/44/108
f 93/42/110 97/88/112 98/87/107
f 99/44/108 104/43/115 105/48/111
f 97/88/112 102/89/118 103/45/113
f 98/87/107 103/45/113 104/43/115
f 105/48/111 104/43/115 108/49/116
f 102/89/118 106/57/125 107/90/119
f 104/43/115 103/45/113 107/90/119
f 108/49/116 107/90/119 111/56/122
f 108/49/116 112/60/123 113/55/124
f 106/57/125 110/62/130 111/56/122
f 112/60/123 111/56/122 115/61/127
f 112/60/123 116/91/128 117/59/129
f 110/62/130 114/96/132 115/61/127
f 116/64/128 120/71/135 121/63/131
f 114/92/132 118/93/137 119/66/133
f 116/64/128 115/68/127 119/66/133
f 120/71/135 124/77/140 125/70/136
f 118/93/137 122/80/145 123/72/138
f 119/66/133 123/72/138 124/77/140
f 124/77/140 123/72/138 127/94/142
f 125/70/136 124/77/140 128/79/143
f 122/80/145 126/95/146 127/94/142
f 128/79/143 127/94/142 67/6/75
f 128/79/143 130/4/69 72/3/73
f 126/95/146 66/83/74 67/6/75
f 20/31/147 85/86/147 81/85/148
f 41/57/149 106/57/149 102/89/150
f 24/35/151 89/35/151 85/86/147
f 32/46/152 97/88/152 93/42/153
f 16/27/148 81/85/148 77/23/154
f 12/23/154 77/23/154 73/16/155
f 8/16/155 73/16/155 68/84/156
f 1/7/157 4/11/156 68/84/156
f 1/7/157 66/83/157 126/95/158
f 37/51/150 102/89/150 97/88/152
f 61/81/158 126/95/158 122/80/159
f 28/42/153 93/42/153 89/35/151
f 57/80/159 122/80/159 118/93/160
f 53/73/160 118/93/160 114/92/161
f 45/62/162 49/578/161 114/96/161
f 45/62/162 110/62/162 106/57/149
f 163/97/66 181/148/66 182/98/66
f 134/100/1 136/101/1 176/101/1
f 138/102/1 177/102/1 176/101/1
f 132/103/1 134/100/1 173/100/1
f 136/101/1 134/100/1 132/103/1
f 132/103/1 142/155/1 140/104/1
f 140/104/1 138/102/1 136/101/1
f 138/102/1 140/104/1 178/104/1
f 165/105/66 164/99/66 182/98/66
f 141/109/66 131/141/66 133/107/66
f 133/107/66 135/144/66 137/108/66
f 137/108/66 139/163/66 141/109/66
f 148/110/163 143/124/163 160/111/164
f 147/113/165 148/110/165 159/112/166
f 146/115/167 147/113/167 158/114/168
f 145/117/169 146/115/169 157/116/170
f 144/119/171 145/117/171 156/118/172
f 143/121/173 144/119/173 155/120/174
f 154/123/175 149/138/175 143/124/163
f 153/125/176 154/123/176 148/110/165
f 152/126/177 153/125/177 147/113/167
f 151/127/178 152/126/178 146/115/169
f 150/128/179 151/127/179 145/117/171
f 149/129/180 150/128/180 144/119/173
f 172/130/181 160/122/174 155/120/174
f 155/120/172 156/118/172 168/132/182
f 156/118/170 157/116/170 169/133/183
f 169/133/184 157/116/168 158/114/168
f 158/114/166 159/112/166 171/135/185
f 159/112/164 160/111/164 172/136/186
f 166/137/187 161/154/187 149/138/175
f 165/105/188 166/137/188 154/123/176
f 164/99/189 165/105/189 153/125/177
f 163/97/190 164/99/190 152/126/178
f 162/139/191 163/97/191 151/127/179
f 161/140/192 162/139/192 150/128/180
f 141/109/66 194/109/66 185/141/66
f 167/131/1 187/142/1 196/130/1
f 171/135/1 195/135/1 193/134/1
f 168/132/1 189/132/1 187/142/1
f 172/136/1 196/136/1 195/135/1
f 133/107/66 186/107/66 188/143/66
f 174/145/193 173/147/193 180/146/193
f 173/147/194 176/149/194 181/148/194
f 176/149/195 177/150/195 182/98/195
f 177/150/196 178/151/196 183/106/196
f 178/151/197 179/153/197 184/152/197
f 179/153/198 174/579/198 175/154/198
f 166/137/66 184/152/66 175/154/66
f 162/139/66 180/146/66 181/148/66
f 165/105/66 183/106/66 184/152/66
f 132/103/1 174/103/1 179/155/1
f 162/139/66 161/140/66 175/140/66
f 140/104/1 142/155/1 179/155/1
f 194/156/199 195/135/199 196/136/199
f 193/134/200 195/135/200 194/156/200
f 191/133/201 193/134/201 192/158/201
f 188/160/202 189/132/202 191/133/202
f 187/142/203 189/132/203 188/160/203
f 196/130/204 187/142/204 186/161/204
f 170/134/1 193/134/1 191/133/1
f 139/163/66 192/163/66 194/109/66
f 137/108/66 190/164/66 192/163/66
f 131/141/66 185/141/66 186/107/66
f 169/133/1 191/133/1 189/132/1
f 135/144/66 188/143/66 190/164/66
f 229/165/205 200/352/205 267/166/205
f 306/168/206 204/258/206 268/169/206
f 241/171/207 202/340/207 269/172/207
f 331/174/208 198/580/208 266/175/208
f 243/177/66 201/325/66 307/178/66
f 242/180/1 198/581/1 331/181/1
f 226/183/1 206/264/1 337/184/1
f 227/186/66 207/263/66 313/187/66
f 225/189/207 208/262/207 270/190/207
f 235/192/205 206/246/205 271/193/205
f 232/195/207 212/247/207 272/196/207
f 230/198/66 210/248/66 314/199/66
f 229/201/1 209/249/1 338/202/1
f 226/204/205 209/259/205 273/205/205
f 242/207/205 215/265/205 274/208/205
f 235/210/1 215/269/1 339/211/1
f 236/213/66 216/270/66 315/214/66
f 238/216/207 214/271/207 275/217/207
f 239/219/66 223/266/66 334/220/66
f 347/182/207 367/182/207 358/211/207
f 318/222/205 372/222/205 369/223/205
f 234/225/66 222/245/66 333/226/66
f 228/228/66 221/261/66 332/229/66
f 308/231/205 368/231/205 373/232/205
f 244/233/1 220/356/1 312/234/1
f 245/236/66 219/341/66 336/237/66
f 312/239/208 220/357/208 276/240/208
f 335/242/206 218/342/206 277/243/206
f 338/202/207 356/202/207 364/203/207
f 222/245/66 228/228/66 340/230/66
f 206/246/205 226/204/205 278/206/205
f 212/247/207 225/189/207 279/191/207
f 210/248/66 227/186/66 317/188/66
f 209/249/1 226/183/1 341/185/1
f 217/250/66 234/225/66 342/227/66
f 218/252/1 233/347/1 318/222/1
f 200/254/1 229/201/1 343/203/1
f 203/256/66 230/198/66 319/200/66
f 204/258/207 232/195/207 280/197/207
f 209/259/205 229/165/205 281/167/205
f 316/260/205 371/355/205 368/231/205
f 221/261/66 239/219/66 344/221/66
f 208/262/207 238/216/207 282/218/207
f 207/263/66 236/213/66 321/215/66
f 206/264/1 235/210/1 345/212/1
f 215/265/205 235/192/205 283/194/205
f 223/266/66 245/236/66 346/238/66
f 244/233/206 366/354/206 367/182/206
f 198/267/205 242/207/205 284/209/205
f 215/269/1 242/180/1 347/182/1
f 216/270/66 243/177/66 323/179/66
f 214/271/207 241/171/207 285/173/207
f 294/272/209 255/302/209 265/273/209
f 246/275/210 264/303/210 303/276/210
f 254/278/210 263/306/210 302/279/210
f 289/281/209 250/316/209 262/282/209
f 292/284/210 253/304/210 261/285/210
f 248/287/209 260/305/209 299/288/209
f 252/290/209 259/307/209 298/291/209
f 290/293/210 251/317/210 258/294/210
f 348/296/211 257/318/211 296/297/211
f 324/299/212 256/319/212 295/300/212
f 301/283/209 262/282/209 255/302/209
f 264/303/210 254/278/210 293/280/210
f 297/295/210 258/294/210 253/304/210
f 260/305/209 252/290/209 291/292/209
f 263/306/210 251/317/210 290/293/210
f 259/307/209 250/316/209 289/281/209
f 352/308/212 349/320/212 246/309/212
f 304/274/209 265/273/209 249/311/209
f 328/313/211 325/321/211 248/287/211
f 300/286/210 261/285/210 247/314/210
f 275/217/213 285/173/213 265/273/213
f 246/275/214 266/268/214 284/209/214
f 254/278/214 274/208/214 283/194/214
f 270/190/213 282/218/213 262/282/213
f 273/205/214 281/167/214 261/285/214
f 248/287/213 268/169/213 280/197/213
f 252/290/213 272/196/213 279/191/213
f 271/193/214 278/206/214 258/294/214
f 348/296/215 350/244/215 277/243/215
f 324/299/216 326/241/216 276/240/216
f 282/218/213 275/217/213 255/302/213
f 264/303/214 284/209/214 274/208/214
f 278/206/214 273/205/214 253/304/214
f 260/305/213 280/197/213 272/196/213
f 263/306/214 283/194/214 271/193/214
f 259/307/213 279/191/213 270/190/213
f 351/176/216 266/175/216 246/309/216
f 285/173/213 269/172/213 249/311/213
f 327/170/215 268/169/215 248/287/215
f 281/167/214 267/166/214 247/314/214
f 300/286/205 286/315/205 199/322/205
f 328/313/206 287/289/206 203/256/206
f 304/274/207 288/312/207 201/325/207
f 352/308/208 305/310/208 197/326/208
f 298/291/207 289/281/207 207/263/207
f 302/279/205 290/293/205 205/328/205
f 299/288/207 291/292/207 210/248/207
f 297/295/205 292/284/205 211/330/205
f 303/276/205 293/280/205 213/332/205
f 301/283/207 294/272/207 216/270/207
f 329/301/208 295/300/208 219/334/208
f 353/298/206 296/297/206 217/336/206
f 290/293/205 297/295/205 224/331/205
f 291/292/207 298/291/207 227/186/207
f 287/289/207 299/288/207 230/198/207
f 292/284/205 300/286/205 231/323/205
f 289/281/207 301/283/207 236/213/207
f 293/280/205 302/279/205 237/329/205
f 305/277/205 303/276/205 240/333/205
f 294/272/207 304/274/207 243/177/207
f 288/312/208 329/301/208 307/335/208
f 296/297/206 328/313/206 311/324/206
f 277/243/215 327/170/215 325/321/215
f 249/311/216 269/172/216 326/241/216
f 296/297/211 257/318/211 325/321/211
f 249/311/212 324/299/212 329/301/212
f 315/214/66 323/179/66 245/236/66
f 310/339/1 322/235/1 241/171/1
f 313/187/66 321/215/66 239/219/66
f 308/231/1 320/232/1 238/216/1
f 311/257/66 319/200/66 234/225/66
f 204/258/1 306/253/1 318/222/1
f 314/199/66 317/188/66 228/228/66
f 212/247/1 309/224/1 316/260/1
f 202/340/208 312/239/208 326/241/208
f 322/235/1 312/234/1 202/340/1
f 316/260/1 308/231/1 208/262/1
f 318/222/1 309/224/1 212/247/1
f 238/216/1 320/232/1 310/339/1
f 321/215/66 315/214/66 223/266/66
f 319/200/66 314/199/66 222/245/66
f 317/188/66 313/187/66 221/261/66
f 323/179/66 307/178/66 219/341/66
f 218/342/206 306/168/206 327/170/206
f 286/315/206 353/298/206 330/337/206
f 295/300/208 352/308/208 336/327/208
f 276/240/216 351/176/216 349/320/216
f 247/314/215 267/166/215 350/244/215
f 295/300/212 256/319/212 349/320/212
f 247/314/211 348/296/211 353/298/211
f 341/185/207 363/185/207 356/202/207
f 334/220/66 346/238/66 240/343/66
f 339/211/207 358/211/207 365/212/207
f 332/229/66 344/221/66 237/345/66
f 335/255/1 343/203/1 233/347/1
f 330/251/66 342/227/66 231/348/66
f 310/339/205 370/359/205 374/235/205
f 333/226/66 340/230/66 224/350/66
f 200/352/206 335/242/206 350/244/206
f 346/238/66 336/237/66 197/353/66
f 340/230/66 332/229/66 205/346/66
f 342/227/66 333/226/66 211/351/66
f 344/221/66 334/220/66 213/344/66
f 322/235/206 374/235/206 366/354/206
f 343/203/208 364/203/208 361/347/208
f 309/224/205 369/223/205 371/355/205
f 244/233/1 347/182/1 331/181/1
f 220/357/208 331/174/208 351/176/208
f 373/232/1 360/361/1 359/358/1
f 361/347/1 357/363/1 369/223/1
f 362/360/1 355/362/1 368/231/1
f 369/223/1 357/363/1 362/360/1
f 368/231/1 355/362/1 360/361/1
f 359/358/1 366/354/1 374/235/1
f 358/211/1 367/182/1 366/354/1
f 354/184/1 365/212/1 360/361/1
f 356/202/1 363/185/1 362/360/1
f 365/212/1 358/211/1 359/358/1
f 364/203/1 356/202/1 357/363/1
f 363/185/1 354/184/1 355/362/1
f 337/184/207 354/184/207 363/185/207
f 233/347/208 361/347/208 372/222/208
f 320/232/205 373/232/205 370/359/205
f 345/212/207 365/212/207 354/184/207
f 375/364/217 494/374/227 381/365/218
f 520/367/220 525/477/349 532/368/221
f 376/371/224 375/364/217 383/366/219
f 383/366/219 506/511/870 503/372/225
f 376/371/224 383/366/219 503/372/225
f 503/372/225 504/514/1 505/370/223
f 493/373/226 380/387/240 381/365/218
f 495/375/228 386/389/242 387/376/229
f 526/380/233 508/515/871 511/378/231
f 511/378/231 510/384/872 393/392/245
f 395/379/232 524/519/438 526/380/233
f 511/378/231 393/392/245 395/379/232
f 514/503/873 530/524/874 529/381/234
f 485/382/235 484/469/336 512/505/875
f 513/383/236 514/503/873 529/381/234
f 485/382/235 512/505/875 513/383/236
f 510/384/237 511/378/876 411/385/238
f 380/387/240 388/582/877 390/388/241
f 386/389/242 396/403/374 397/390/243
f 383/366/219 381/365/218 390/388/241
f 393/392/245 404/396/249 405/393/246
f 391/391/244 390/388/241 401/394/247
f 393/392/245 391/391/244 402/395/248
f 390/388/241 388/582/877 399/397/250
f 404/396/249 413/401/255 414/398/251
f 402/395/248 401/394/247 410/399/253
f 404/396/249 402/395/248 412/400/254
f 401/394/247 399/397/250 408/402/256
f 414/398/251 423/412/268 424/406/260
f 412/400/254 421/413/269 422/407/262
f 410/399/253 408/402/256 419/408/263
f 418/410/265 416/404/258 424/406/266
f 413/401/255 422/407/262 423/412/268
f 412/400/254 410/399/253 420/409/264
f 421/413/269 428/419/275 429/414/270
f 419/408/263 426/425/283 427/415/271
f 425/411/267 424/406/266 431/416/272
f 422/407/262 429/414/270 430/418/274
f 420/409/264 427/415/271 428/419/275
f 423/412/268 430/418/274 431/416/276
f 432/417/273 431/416/272 438/420/277
f 429/414/270 436/424/282 437/422/279
f 427/415/271 434/426/284 435/423/280
f 430/418/274 437/422/286 438/420/281
f 428/419/275 435/423/280 436/424/282
f 426/425/283 433/430/289 434/426/284
f 434/426/284 441/431/290 442/427/285
f 437/422/286 444/433/287 445/428/287
f 435/423/280 442/427/285 443/429/288
f 433/430/289 440/583/878 441/431/290
f 439/421/278 438/420/277 445/428/291
f 436/424/282 443/429/288 444/433/293
f 445/428/287 444/433/287 451/434/294
f 443/429/288 442/427/285 449/436/296
f 441/431/290 440/583/878 447/438/298
f 445/428/291 452/435/304 453/440/300
f 444/433/293 443/429/288 450/437/297
f 442/427/285 441/431/290 448/439/299
f 448/439/299 447/438/298 454/441/302
f 452/435/304 459/447/310 460/443/305
f 451/434/301 450/437/297 457/444/306
f 449/436/296 448/439/299 455/442/303
f 452/435/295 451/434/294 458/445/307
f 450/437/297 449/436/296 456/446/308
f 459/447/310 466/453/323 467/448/311
f 458/445/307 457/444/306 464/449/312
f 456/446/308 455/442/303 462/451/314
f 459/447/309 458/445/307 465/450/313
f 457/444/306 456/446/308 463/452/315
f 455/442/303 454/441/302 461/454/317
f 466/453/316 465/450/313 472/455/318
f 464/449/312 463/452/315 470/457/320
f 461/454/317 468/463/327 469/459/322
f 466/453/323 473/456/334 474/460/324
f 465/450/313 464/449/312 471/458/321
f 462/451/314 469/459/322 470/457/320
f 470/457/320 477/468/332 478/462/326
f 468/463/327 475/471/339 476/464/328
f 472/455/318 471/458/321 478/462/326
f 469/459/322 476/464/328 477/468/332
f 479/461/335 478/462/326 484/469/336
f 476/464/328 482/472/340 483/470/337
f 477/468/332 483/470/337 484/469/336
f 475/471/339 481/584/879 482/472/340
f 496/474/343 502/497/370 538/473/341
f 538/473/341 537/369/880 532/368/342
f 532/368/342 534/492/365 496/474/343
f 482/472/340 489/482/355 490/475/344
f 461/454/345 454/441/345 447/438/345
f 447/438/345 440/583/345 433/430/345
f 433/430/345 426/425/345 419/408/345
f 419/408/345 408/402/345 399/397/345
f 399/397/345 388/582/345 380/387/345
f 380/387/345 493/373/345 488/476/345
f 488/476/345 481/584/345 475/471/345
f 475/471/345 468/463/345 461/454/345
f 461/454/345 447/438/345 433/430/345
f 433/430/345 419/408/345 399/397/345
f 399/397/345 380/387/345 488/476/345
f 488/476/345 475/471/345 461/454/345
f 461/454/345 433/430/345 399/397/345
f 508/515/871 526/380/233 525/477/349
f 525/477/349 520/367/220 522/478/350
f 522/478/350 376/371/224 505/370/223
f 507/479/351 508/515/871 525/477/349
f 522/478/350 505/370/223 507/479/351
f 512/505/875 484/469/336 483/470/337
f 483/470/337 490/475/344 516/480/352
f 515/481/353 512/505/875 483/470/337
f 482/472/340 481/584/879 488/476/354
f 487/466/330 486/465/329 491/483/356
f 491/483/356 486/465/329 500/485/358
f 516/480/352 490/475/344 375/364/217
f 375/364/217 376/371/224 517/487/360
f 518/488/361 516/480/352 375/364/217
f 489/482/355 488/476/354 493/373/226
f 492/484/357 491/483/356 495/375/228
f 521/489/362 536/496/881 541/490/363
f 489/482/355 494/374/227 375/364/217
f 498/494/367 496/474/343 534/492/365
f 534/492/365 533/520/882 497/493/366
f 502/497/370 501/486/372 542/495/368
f 542/495/368 541/490/883 536/496/369
f 536/496/369 538/473/341 502/497/370
f 501/486/372 500/485/884 499/498/371
f 499/498/371 540/527/885 542/495/368
f 386/389/242 496/474/383 498/494/373
f 495/375/228 491/483/356 501/486/359
f 529/381/234 540/527/886 499/498/376
f 486/465/377 485/382/887 499/498/378
f 396/403/380 498/494/888 497/493/381
f 495/375/228 502/497/375 496/474/383
f 379/499/393 377/509/889 516/480/394
f 382/500/396 379/499/890 518/488/397
f 382/500/399 517/487/891 519/501/400
f 514/503/402 385/504/892 384/502/403
f 513/383/405 389/506/893 385/504/406
f 512/505/408 392/507/894 389/506/409
f 392/507/411 512/505/895 515/481/412
f 377/509/414 394/508/896 515/481/415
f 400/510/417 503/372/897 506/511/418
f 503/372/420 400/510/898 403/513/421
f 403/513/424 406/516/899 507/479/425
f 505/370/423 504/514/1 403/513/424
f 508/515/426 507/479/900 406/516/427
f 409/517/429 411/385/901 511/378/430
f 415/386/432 417/585/902 509/518/433
f 509/518/435 417/585/903 398/512/436
f 524/519/438 395/379/232 497/493/439
f 509/518/441 506/511/870 383/366/219
f 383/366/219 391/391/244 393/392/245
f 393/392/245 510/384/872 509/518/441
f 528/491/458 541/490/904 543/528/459
f 531/523/461 543/528/905 540/527/462
f 537/369/454 539/526/453 523/521/464
f 523/521/465 539/526/451 536/496/450
f 533/520/467 535/525/906 527/522/468
f 535/525/470 532/368/907 525/477/471
f 517/487/360 376/371/224 522/478/350
f 522/478/350 521/489/362 528/491/364
f 528/491/364 530/524/874 514/503/873
f 519/501/473 517/487/360 522/478/350
f 528/491/364 514/503/873 519/501/473
f 545/529/479 561/529/483 560/529/480
f 546/529/482 562/529/485 561/529/483
f 546/529/482 547/529/486 563/529/484
f 547/529/486 548/529/489 564/529/487
f 549/529/488 565/529/491 564/529/487
f 550/529/490 566/529/493 565/529/491
f 550/529/490 551/530/495 567/529/492
f 552/529/494 568/529/497 567/529/492
f 553/529/496 569/529/499 568/529/497
f 553/529/496 554/529/501 570/529/498
f 555/529/500 571/529/503 570/529/498
f 555/529/500 556/529/505 572/529/502
f 557/529/504 573/529/507 572/529/502
f 558/529/506 574/529/509 573/529/507
f 559/530/508 575/529/510 574/529/509
f 544/529/481 560/529/480 575/529/510
f 561/529/483 577/529/513 576/529/511
f 561/529/483 562/529/485 578/529/512
f 562/529/485 563/529/484 579/529/514
f 564/529/487 580/529/516 579/529/514
f 564/529/487 565/529/491 581/529/515
f 566/529/493 582/529/517 581/529/515
f 567/529/492 583/529/519 582/529/517
f 567/529/492 568/529/497 584/529/518
f 569/529/499 585/529/520 584/529/518
f 570/529/498 586/529/522 585/529/520
f 570/529/498 571/529/503 587/529/521
f 572/529/502 588/529/523 587/529/521
f 573/529/507 589/529/524 588/529/523
f 574/529/509 590/529/526 589/529/524
f 574/529/509 575/529/510 591/529/525
f 560/529/480 576/529/511 591/529/525
f 576/529/511 577/529/513 593/529/527
f 577/529/513 578/529/512 594/530/529
f 578/529/512 579/529/514 595/529/530
f 579/529/514 580/529/516 596/529/531
f 580/529/516 581/529/515 597/529/532
f 581/529/515 582/529/517 598/529/533
f 582/529/517 583/529/519 599/529/534
f 584/529/518 600/529/536 599/529/534
f 584/529/518 585/529/520 601/529/535
f 585/529/520 586/529/522 602/529/537
f 587/529/521 603/529/539 602/529/537
f 587/529/521 588/529/523 604/529/538
f 588/529/523 589/529/524 605/529/540
f 590/529/526 606/530/541 605/529/540
f 591/529/525 607/529/542 606/530/541
f 576/529/511 592/529/528 607/529/542
f 592/529/528 593/529/527 609/529/543
f 594/530/529 610/529/546 609/529/543
f 594/530/529 595/529/530 611/529/545
f 596/529/531 612/529/547 611/529/545
f 597/529/532 613/530/548 612/529/547
f 598/529/533 614/529/549 613/530/548
f 599/529/534 615/529/550 614/529/549
f 600/529/536 616/529/552 615/529/550
f 600/529/536 601/529/535 617/529/551
f 602/529/537 618/529/554 617/529/551
f 602/529/537 603/529/539 619/530/553
f 603/529/539 604/529/538 620/529/555
f 604/529/538 605/529/540 621/529/556
f 606/530/541 622/529/558 621/529/556
f 606/530/541 607/529/542 623/529/557
f 592/529/528 608/530/544 623/529/557
f 609/529/543 625/529/561 624/529/559
f 609/529/543 610/529/546 626/529/560
f 611/529/545 627/529/562 626/529/560
f 612/529/547 628/529/564 627/529/562
f 612/529/547 613/530/548 629/529/563
f 614/529/549 630/529/565 629/529/563
f 615/529/550 631/529/566 630/529/565
f 616/529/552 632/529/567 631/529/566
f 617/529/551 633/529/568 632/529/567
f 618/529/554 634/530/570 633/529/568
f 618/529/554 619/530/553 635/529/569
f 620/529/555 636/529/572 635/529/569
f 620/529/555 621/529/556 637/529/571
f 622/529/558 638/529/573 637/529/571
f 623/529/557 639/529/574 638/529/573
f 623/529/557 608/530/544 624/529/559
f 625/529/561 641/529/576 640/529/575
f 626/529/560 642/530/578 641/529/576
f 626/529/560 627/529/562 643/529/577
f 627/529/562 628/529/564 644/529/579
f 629/529/563 645/529/580 644/529/579
f 630/529/565 646/529/581 645/529/580
f 631/529/566 647/530/583 646/529/581
f 631/529/566 632/529/567 648/529/582
f 632/529/567 633/529/568 649/529/584
f 633/529/568 634/530/570 650/529/585
f 635/529/569 651/529/587 650/529/585
f 635/529/569 636/529/572 652/529/586
f 637/529/571 653/529/588 652/529/586
f 638/529/573 654/529/590 653/529/588
f 638/529/573 639/529/574 655/529/589
f 639/529/574 624/529/559 640/529/575
f 640/529/591 641/529/592 657/529/592
f 642/530/593 658/529/595 657/529/592
f 643/529/594 659/529/594 658/529/595
f 644/529/596 660/529/596 659/529/594
f 645/529/597 661/529/597 660/529/596
f 646/529/598 662/529/598 661/529/597
f 646/529/598 647/530/600 663/529/599
f 647/530/600 648/529/601 664/529/601
f 649/529/602 665/529/602 664/529/601
f 649/529/602 650/529/603 666/529/603
f 651/529/604 667/529/604 666/529/603
f 652/529/605 668/529/605 667/529/604
f 653/529/606 669/529/606 668/529/605
f 653/529/606 654/529/607 670/529/607
f 655/529/608 671/529/608 670/529/607
f 640/529/591 656/529/591 671/529/608
f 656/529/609 657/529/610 673/529/610
f 658/529/611 674/529/611 673/529/610
f 659/529/612 675/529/612 674/529/611
f 659/529/612 660/529/613 676/529/613
f 661/529/614 677/529/614 676/529/613
f 661/529/614 662/529/615 678/529/615
f 662/529/615 663/529/616 679/529/616
f 664/529/617 680/530/617 679/529/616
f 664/529/617 665/529/618 681/529/618
f 665/529/618 666/529/619 682/529/619
f 667/529/620 683/529/620 682/529/619
f 667/529/620 668/529/621 684/529/621
f 669/529/622 685/529/624 684/529/621
f 669/529/622 670/529/623 686/529/623
f 671/529/625 687/529/626 686/529/623
f 656/529/609 672/529/609 687/529/626
f 672/529/627 673/529/630 689/529/628
f 674/529/629 690/529/629 689/529/628
f 674/529/629 675/529/631 691/529/631
f 675/529/631 676/529/632 692/529/632
f 677/529/633 693/529/635 692/529/632
f 678/529/634 694/529/634 693/529/635
f 679/529/636 695/529/636 694/529/634
f 679/529/636 680/530/637 696/529/637
f 681/529/638 697/529/640 696/529/637
f 682/529/639 698/529/639 697/529/640
f 683/529/641 699/529/641 698/529/639
f 683/529/641 684/529/642 700/529/642
f 685/529/643 701/529/643 700/529/642
f 685/529/643 686/529/644 702/529/644
f 687/529/645 703/529/645 702/529/644
f 672/529/627 688/529/627 703/529/645
f 721/529/628 705/529/630 704/529/627
f 722/529/629 706/529/629 705/529/630
f 722/529/629 723/529/631 707/529/631
f 723/529/631 724/529/632 708/529/632
f 724/529/632 725/529/635 709/529/633
f 725/529/635 726/529/634 710/529/634
f 726/529/634 727/529/636 711/529/636
f 728/529/637 712/529/637 711/529/636
f 728/529/637 729/529/647 713/529/638
f 729/529/647 730/529/639 714/529/639
f 731/529/641 715/529/641 714/529/639
f 732/529/642 716/529/642 715/529/641
f 732/529/642 733/529/643 717/529/643
f 734/529/644 718/529/644 717/529/643
f 735/529/645 719/530/645 718/529/644
f 735/529/645 720/529/646 704/529/627
f 737/529/479 721/529/479 720/529/481
f 737/529/479 738/529/482 722/529/482
f 739/529/486 723/529/486 722/529/482
f 739/529/486 740/529/489 724/529/489
f 741/529/488 725/529/488 724/529/489
f 742/529/490 726/529/490 725/529/488
f 742/529/490 743/529/495 727/529/495
f 744/529/494 728/529/494 727/529/495
f 745/529/496 729/529/496 728/529/494
f 745/529/496 746/529/501 730/529/501
f 747/529/500 731/529/500 730/529/501
f 748/530/505 732/529/505 731/529/500
f 748/530/505 749/529/648 733/529/504
f 749/529/648 750/529/506 734/529/506
f 750/529/506 751/529/508 735/529/508
f 751/529/508 736/529/481 720/529/481
f 752/529/627 753/529/628 737/529/649
f 753/529/628 754/529/629 738/529/629
f 754/529/629 755/529/631 739/529/631
f 755/529/631 756/529/632 740/529/632
f 757/529/635 741/529/635 740/529/632
f 757/529/635 758/529/634 742/529/634
f 758/529/634 759/529/636 743/529/636
f 760/529/650 744/529/637 743/529/636
f 761/529/640 745/529/638 744/529/637
f 762/529/639 746/529/639 745/529/638
f 763/529/641 747/529/641 746/529/639
f 764/529/642 748/530/642 747/529/641
f 764/529/642 765/529/643 749/529/643
f 766/529/644 750/529/644 749/529/643
f 767/529/645 751/529/645 750/529/644
f 767/529/645 752/529/627 736/529/646
f 769/529/651 753/529/655 752/529/652
f 769/529/651 770/529/656 754/529/654
f 770/529/656 771/529/659 755/529/657
f 772/530/658 756/529/661 755/529/657
f 773/529/660 757/529/663 756/529/661
f 773/529/660 774/529/664 758/529/662
f 774/529/664 775/529/667 759/529/665
f 776/529/666 760/529/669 759/529/665
f 777/529/668 761/529/671 760/529/669
f 777/529/668 778/529/673 762/529/670
f 779/529/672 763/529/675 762/529/670
f 779/529/672 780/529/676 764/529/674
f 780/529/676 781/529/679 765/529/677
f 782/529/678 766/529/681 765/529/677
f 782/529/678 783/529/682 767/529/680
f 768/529/653 752/529/652 767/529/680
f 785/530/683 769/529/651 768/529/653
f 785/530/683 786/529/685 770/529/656
f 786/529/685 787/529/687 771/529/659
f 788/529/686 772/530/658 771/529/659
f 788/529/686 789/529/689 773/529/660
f 790/529/688 774/529/664 773/529/660
f 790/529/688 791/529/690 775/529/667
f 791/529/690 792/529/692 776/529/666
f 793/529/691 777/529/668 776/529/666
f 793/529/691 794/529/694 778/529/673
f 795/529/693 779/529/672 778/529/673
f 795/529/693 796/529/695 780/529/676
f 796/529/695 797/529/697 781/529/679
f 798/529/696 782/529/678 781/529/679
f 798/529/696 799/529/698 783/529/682
f 799/529/698 784/529/684 768/529/653
f 801/529/699 785/530/683 784/529/684
f 801/529/699 802/529/701 786/529/685
f 802/529/701 803/529/702 787/529/687
f 803/529/702 804/529/703 788/529/686
f 804/529/703 805/529/705 789/529/689
f 806/529/704 790/529/688 789/529/689
f 807/529/706 791/529/690 790/529/688
f 808/529/707 792/529/692 791/529/690
f 809/529/708 793/529/691 792/529/692
f 809/529/708 810/529/710 794/529/694
f 811/529/709 795/529/693 794/529/694
f 812/529/711 796/529/695 795/529/693
f 812/529/711 813/529/713 797/529/697
f 814/529/712 798/529/696 797/529/697
f 815/529/714 799/529/698 798/529/696
f 815/529/714 800/529/700 784/529/684
f 816/529/715 817/529/717 801/529/699
f 818/529/716 802/529/701 801/529/699
f 819/529/718 803/529/702 802/529/701
f 820/529/719 804/529/703 803/529/702
f 820/529/719 821/529/720 805/529/705
f 821/529/720 822/529/721 806/529/704
f 822/529/721 823/529/723 807/529/706
f 824/530/722 808/529/707 807/529/706
f 825/529/724 809/529/708 808/529/707
f 826/529/725 810/529/710 809/529/708
f 826/529/725 827/529/727 811/529/709
f 828/530/726 812/529/711 811/529/709
f 828/530/726 829/529/729 813/529/713
f 830/529/728 814/529/712 813/529/713
f 831/529/730 815/529/714 814/529/712
f 816/529/715 800/529/700 815/529/714
f 832/529/731 833/529/732 817/529/732
f 833/529/732 834/530/733 818/529/733
f 835/529/734 819/529/734 818/529/733
f 835/529/734 836/530/735 820/529/735
f 837/529/736 821/529/736 820/529/735
f 838/529/737 822/529/737 821/529/736
f 839/530/738 823/529/740 822/529/737
f 840/529/739 824/530/739 823/529/740
f 840/529/739 841/529/741 825/529/741
f 842/529/742 826/529/742 825/529/741
f 842/529/742 843/530/743 827/529/743
f 844/529/744 828/530/744 827/529/743
f 844/529/744 845/529/745 829/529/745
f 846/529/746 830/529/746 829/529/745
f 847/530/747 831/529/747 830/529/746
f 832/529/731 816/529/731 831/529/747
f 689/529/748 705/529/748 704/529/748
f 690/529/748 706/529/748 705/529/748
f 690/529/748 691/529/748 707/529/748
f 691/529/748 692/529/748 708/529/748
f 693/529/748 709/529/748 708/529/748
f 693/529/748 694/529/748 710/529/748
f 694/529/748 695/529/748 711/529/748
f 696/529/748 712/529/748 711/529/748
f 697/529/748 713/529/748 712/529/748
f 697/529/748 698/529/748 714/529/748
f 699/529/748 715/529/748 714/529/748
f 699/529/748 700/529/748 716/529/748
f 700/529/748 701/529/748 717/529/748
f 702/529/748 718/529/748 717/529/748
f 702/529/748 703/529/748 719/530/748
f 703/529/748 688/529/748 704/529/748
f 850/532/750 854/539/908 857/533/751
f 855/535/753 854/539/909 850/532/754
f 856/537/756 855/535/910 851/536/757
f 853/534/759 857/533/911 856/537/760
f 854/539/762 858/544/912 861/540/763
f 859/541/765 858/544/913 854/539/766
f 860/542/768 859/541/914 855/535/769
f 857/533/771 861/540/915 860/542/772
f 862/543/774 865/546/916 861/540/775
f 859/541/777 863/545/917 862/543/778
f 860/542/780 864/548/918 863/545/781
f 865/546/783 864/548/919 860/542/784
f 866/547/786 869/550/920 865/546/787
f 863/545/789 867/549/921 866/547/790
f 864/548/792 868/552/922 867/549/793
f 869/550/795 868/552/923 864/548/796
f 870/551/798 873/554/924 869/550/799
f 867/549/801 871/553/925 870/551/802
f 868/552/804 872/586/926 871/553/805
f 873/554/807 872/586/927 868/552/808
f 874/555/810 878/562/928 881/556/811
f 879/558/813 878/562/929 874/555/814
f 880/560/816 879/558/930 875/559/817
f 877/557/819 881/556/931 880/560/820
f 878/562/822 882/567/932 885/563/823
f 883/564/825 882/567/933 878/562/826
f 884/565/828 883/564/934 879/558/829
f 881/556/831 885/563/935 884/565/832
f 886/566/834 889/569/936 885/563/835
f 883/564/837 887/568/937 886/566/838
f 884/565/840 888/571/938 887/568/841
f 889/569/843 888/571/939 884/565/844
f 890/570/846 893/573/940 889/569/847
f 887/568/849 891/572/941 890/570/850
f 888/571/852 892/575/942 891/572/853
f 893/573/855 892/575/943 888/571/856
f 894/574/858 897/577/944 893/573/859
f 891/572/861 895/576/945 894/574/862
f 892/575/864 896/587/946 895/576/865
f 897/577/867 896/587/947 892/575/868
