{
    "fields": {
        "direction": [
            -0.0,
            0.0,
            -1.0
        ],
        "hitScale": 0.699999988079071,
        "parryDuration": 0.4000000059604645,
        "rotateSpeed": 10.0,
        "scale": 0.4000000059604645,
        "speed": 8.5
    }
}